"";"Município";"Código";"ICAO"
"1";"ABADIA DOS DOURADOS";3100104;"SBUL"
"2";"ABADIA DOS DOURADOS";3100104;"SBAX"
"3";"ABAETÉ";3100203;"SBLS"
"4";"ABAETÉ";3100203;"SBCF"
"5";"ABRE CAMPO";3100302;"SBBH"
"6";"ABRE CAMPO";3100302;"SBIP"
"7";"ACAIACA";3100401;"SBLS"
"8";"ACAIACA";3100401;"SBPR"
"9";"AÇUCENA";3100500;"SBLS"
"10";"AÇUCENA";3100500;"SBIP"
"11";"ÁGUA BOA";3100609;"SBMK"
"12";"ÁGUA BOA";3100609;"SBIP"
"13";"ÁGUA COMPRIDA";3100708;"SBUR"
"14";"ÁGUA COMPRIDA";3100708;"SBFC"
"15";"AGUANIL";3100807;"SBVG"
"16";"AGUANIL";3100807;"SBPC"
"17";"ÁGUAS FORMOSAS";3100906;"SBPS"
"18";"ÁGUAS VERMELHAS";3101003;"SBPS"
"19";"ÁGUAS VERMELHAS";3101003;"SBMK"
"20";"AIMORÉS";3101102;"SBVT"
"21";"AIMORÉS";3101102;"SBIP"
"22";"AIURUOCA";3101201;"SBGW"
"23";"AIURUOCA";3101201;"SBVG"
"24";"ALAGOA";3101300;"SBGW"
"25";"ALAGOA";3101300;"SBVG"
"26";"ALBERTINA";3101409;"SBKP"
"27";"ALBERTINA";3101409;"SBYS"
"28";"ALÉM PARAÍBA";3101508;"SBME"
"29";"ALÉM PARAÍBA";3101508;"SBJF"
"30";"ALFENAS";3101607;"SBVG"
"31";"ALFENAS";3101607;"SBPC"
"32";"ALFREDO VASCONCELOS";3101631;"SBBQ"
"33";"ALFREDO VASCONCELOS";3101631;"SBPR"
"34";"ALMENARA";3101706;"SBPS"
"35";"ALMENARA";3101706;"SBTC"
"36";"ALPERCATA";3101805;"SBLS"
"37";"ALPERCATA";3101805;"SBIP"
"38";"ALPINÓPOLIS";3101904;"SBPC"
"39";"ALPINÓPOLIS";3101904;"SBFC"
"40";"ALTEROSA";3102001;"SBVG"
"41";"ALTEROSA";3102001;"SBPC"
"42";"ALTO CAPARAÓ";3102050;"SBCP"
"43";"ALTO CAPARAÓ";3102050;"SBVT"
"44";"ALTO JEQUITIBÁ";3153509;"SBCP"
"45";"ALTO JEQUITIBÁ";3153509;"SBVT"
"46";"ALTO RIO DOCE";3102100;"SBBQ"
"47";"ALTO RIO DOCE";3102100;"SBPR"
"48";"ALVARENGA";3102209;"SBVT"
"49";"ALVARENGA";3102209;"SBIP"
"50";"ALVINÓPOLIS";3102308;"SBLS"
"51";"ALVINÓPOLIS";3102308;"SBPR"
"52";"ALVORADA DE MINAS";3102407;"SBLS"
"53";"ALVORADA DE MINAS";3102407;"SBCF"
"54";"AMPARO DO SERRA";3102506;"SBBQ"
"55";"AMPARO DO SERRA";3102506;"SBPR"
"56";"ANDRADAS";3102605;"SBKP"
"57";"ANDRADAS";3102605;"SBYS"
"58";"ANDRELÂNDIA";3102803;"SBBQ"
"59";"ANDRELÂNDIA";3102803;"SBJF"
"60";"ANGELÂNDIA";3102852;"SBMK"
"61";"ANGELÂNDIA";3102852;"SBIP"
"62";"ANTÔNIO CARLOS";3102902;"SBBQ"
"63";"ANTÔNIO CARLOS";3102902;"SBJF"
"64";"ANTÔNIO DIAS";3103009;"SBLS"
"65";"ANTÔNIO DIAS";3103009;"SBCF"
"66";"ANTÔNIO PRADO DE MINAS";3103108;"SBCP"
"67";"ANTÔNIO PRADO DE MINAS";3103108;"SBME"
"68";"ARAÇAÍ";3103207;"SBLS"
"69";"ARAÇAÍ";3103207;"SBCF"
"70";"ARACITABA";3103306;"SBBQ"
"71";"ARACITABA";3103306;"SBJF"
"72";"ARAÇUAÍ";3103405;"SBMK"
"73";"ARAÇUAÍ";3103405;"SBQV"
"74";"ARAGUARI";3103504;"SBUL"
"75";"ARAGUARI";3103504;"SBUR"
"76";"ARANTINA";3103603;"SBBQ"
"77";"ARANTINA";3103603;"SBJF"
"78";"ARAPONGA";3103702;"SBBQ"
"79";"ARAPONGA";3103702;"SBIP"
"80";"ARAPORÃ";3103751;"SBUL"
"81";"ARAPORÃ";3103751;"SBUR"
"82";"ARAPUÁ";3103801;"SBAX"
"83";"ARAPUÁ";3103801;"SBUR"
"84";"ARAÚJOS";3103900;"SBPR"
"85";"ARAÚJOS";3103900;"SBCF"
"86";"ARAXÁ";3104007;"SBAX"
"87";"ARAXÁ";3104007;"SBUR"
"88";"ARCEBURGO";3104106;"SBRP"
"89";"ARCEBURGO";3104106;"SBYS"
"90";"ARCOS";3104205;"SBVG"
"91";"ARCOS";3104205;"SBAX"
"92";"AREADO";3104304;"SBVG"
"93";"AREADO";3104304;"SBPC"
"94";"ARGIRITA";3104403;"SBBQ"
"95";"ARGIRITA";3104403;"SBJF"
"96";"ARICANDUVA";3104452;"SBMK"
"97";"ARICANDUVA";3104452;"SBIP"
"98";"ARINOS";3104502;"SBMK"
"99";"ARINOS";3104502;"SBBR"
"100";"ASTOLFO DUTRA";3104601;"SBBQ"
"101";"ASTOLFO DUTRA";3104601;"SBJF"
"102";"ATALÉIA";3104700;"SBIP"
"103";"AUGUSTO DE LIMA";3104809;"SBLS"
"104";"AUGUSTO DE LIMA";3104809;"SBMK"
"105";"BAEPENDI";3104908;"SBGW"
"106";"BAEPENDI";3104908;"SBVG"
"107";"BALDIM";3105004;"SBLS"
"108";"BALDIM";3105004;"SBCF"
"109";"BAMBUÍ";3105103;"SBAX"
"110";"BAMBUÍ";3105103;"SBFC"
"111";"BANDEIRA";3105202;"SBPS"
"112";"BANDEIRA";3105202;"SBTC"
"113";"BANDEIRA DO SUL";3105301;"SBVG"
"114";"BANDEIRA DO SUL";3105301;"SBPC"
"115";"BARÃO DE COCAIS";3105400;"SBLS"
"116";"BARÃO DE COCAIS";3105400;"SBPR"
"117";"BARÃO DE MONTE ALTO";3105509;"SBCP"
"118";"BARÃO DE MONTE ALTO";3105509;"SBME"
"119";"BARBACENA";3105608;"SBBQ"
"120";"BARBACENA";3105608;"SBJF"
"121";"BARRA LONGA";3105707;"SBLS"
"122";"BARRA LONGA";3105707;"SBPR"
"123";"BARROSO";3105905;"SBBQ"
"124";"BARROSO";3105905;"SBPR"
"125";"BELA VISTA DE MINAS";3106002;"SBLS"
"126";"BELA VISTA DE MINAS";3106002;"SBBH"
"127";"BELMIRO BRAGA";3106101;"SBBQ"
"128";"BELMIRO BRAGA";3106101;"SBJF"
"129";"BELO HORIZONTE";3106200;"SBLS"
"130";"BELO HORIZONTE";3106200;"SBPR"
"131";"BELO ORIENTE";3106309;"SBLS"
"132";"BELO ORIENTE";3106309;"SBIP"
"133";"BELO VALE";3106408;"SBLS"
"134";"BELO VALE";3106408;"SBPR"
"135";"BERILO";3106507;"SBMK"
"136";"BERILO";3106507;"SBQV"
"137";"BERIZAL";3106655;"SBPS"
"138";"BERIZAL";3106655;"SBMK"
"139";"BERTÓPOLIS";3106606;"SBPS"
"140";"BERTÓPOLIS";3106606;"SBQV"
"141";"BETIM";3106705;"SBPR"
"142";"BETIM";3106705;"SBCF"
"143";"BIAS FORTES";3106804;"SBBQ"
"144";"BIAS FORTES";3106804;"SBJF"
"145";"BICAS";3106903;"SBBQ"
"146";"BICAS";3106903;"SBJF"
"147";"BIQUINHAS";3107000;"SBLS"
"148";"BIQUINHAS";3107000;"SBCF"
"149";"BOA ESPERANÇA";3107109;"SBVG"
"150";"BOA ESPERANÇA";3107109;"SBPC"
"151";"BOCAINA DE MINAS";3107208;"SBGW"
"152";"BOCAINA DE MINAS";3107208;"SBSC"
"153";"BOCAIÚVA";3107307;"SBMK"
"154";"BOCAIÚVA";3107307;"SBCF"
"155";"BOM DESPACHO";3107406;"SBPR"
"156";"BOM DESPACHO";3107406;"SBCF"
"157";"BOM JARDIM DE MINAS";3107505;"SBBQ"
"158";"BOM JARDIM DE MINAS";3107505;"SBJF"
"159";"BOM JESUS DA PENHA";3107604;"SBPC"
"160";"BOM JESUS DA PENHA";3107604;"SBFC"
"161";"BOM JESUS DO AMPARO";3107703;"SBLS"
"162";"BOM JESUS DO AMPARO";3107703;"SBCF"
"163";"BOM JESUS DO GALHO";3107802;"SBLS"
"164";"BOM JESUS DO GALHO";3107802;"SBIP"
"165";"BOM REPOUSO";3107901;"SBSJ"
"166";"BOM REPOUSO";3107901;"SBPC"
"167";"BOM SUCESSO";3108008;"SBBQ"
"168";"BOM SUCESSO";3108008;"SBPR"
"169";"BONFIM";3108107;"SBLS"
"170";"BONFIM";3108107;"SBPR"
"171";"BONFINÓPOLIS DE MINAS";3108206;"SBMK"
"172";"BONFINÓPOLIS DE MINAS";3108206;"SBBR"
"173";"BONITO DE MINAS";3108255;"SBMK"
"174";"BONITO DE MINAS";3108255;"SBBR"
"175";"BORDA DA MATA";3108305;"SBVG"
"176";"BORDA DA MATA";3108305;"SBPC"
"177";"BOTELHOS";3108404;"SBVG"
"178";"BOTELHOS";3108404;"SBYS"
"179";"BOTUMIRIM";3108503;"SBMK"
"180";"BOTUMIRIM";3108503;"SBIP"
"181";"BRÁS PIRES";3108701;"SBBQ"
"182";"BRÁS PIRES";3108701;"SBPR"
"183";"BRASILÂNDIA DE MINAS";3108552;"SBMK"
"184";"BRASILÂNDIA DE MINAS";3108552;"SBBR"
"185";"BRASÍLIA DE MINAS";3108602;"SBMK"
"186";"BRASÍLIA DE MINAS";3108602;"SBBR"
"187";"BRASÓPOLIS";3108909;"SBGW"
"188";"BRASÓPOLIS";3108909;"SBTA"
"189";"BRAÚNAS";3108800;"SBLS"
"190";"BRAÚNAS";3108800;"SBIP"
"191";"BRUMADINHO";3109006;"SBLS"
"192";"BRUMADINHO";3109006;"SBPR"
"193";"BUENO BRANDÃO";3109105;"SBSJ"
"194";"BUENO BRANDÃO";3109105;"SBKP"
"195";"BUENÓPOLIS";3109204;"SBLS"
"196";"BUENÓPOLIS";3109204;"SBMK"
"197";"BUGRE";3109253;"SBLS"
"198";"BUGRE";3109253;"SBIP"
"199";"BURITIS";3109303;"SBBR"
"200";"BURITIS";3109303;"SBAN"
"201";"BURITIZEIRO";3109402;"SBLS"
"202";"BURITIZEIRO";3109402;"SBMK"
"203";"CABECEIRA GRANDE";3109451;"SBBR"
"204";"CABECEIRA GRANDE";3109451;"SBAN"
"205";"CABO VERDE";3109501;"SBVG"
"206";"CABO VERDE";3109501;"SBPC"
"207";"CACHOEIRA DA PRATA";3109600;"SBLS"
"208";"CACHOEIRA DA PRATA";3109600;"SBCF"
"209";"CACHOEIRA DE MINAS";3109709;"SBGW"
"210";"CACHOEIRA DE MINAS";3109709;"SBTA"
"211";"CACHOEIRA DE PAJEÚ";3102704;"SBPS"
"212";"CACHOEIRA DE PAJEÚ";3102704;"SBMK"
"213";"CACHOEIRA DOURADA";3109808;"SBUL"
"214";"CAETANÓPOLIS";3109907;"SBLS"
"215";"CAETANÓPOLIS";3109907;"SBCF"
"216";"CAETÉ";3110004;"SBLS"
"217";"CAETÉ";3110004;"SBPR"
"218";"CAIANA";3110103;"SBCP"
"219";"CAIANA";3110103;"SBIP"
"220";"CAJURI";3110202;"SBBQ"
"221";"CAJURI";3110202;"SBIP"
"222";"CALDAS";3110301;"SBVG"
"223";"CALDAS";3110301;"SBYS"
"224";"CAMACHO";3110400;"SBPR"
"225";"CAMACHO";3110400;"SBVG"
"226";"CAMANDUCAIA";3110509;"SBSJ"
"227";"CAMANDUCAIA";3110509;"SBTA"
"228";"CAMBUÍ";3110608;"SBSJ"
"229";"CAMBUÍ";3110608;"SBTA"
"230";"CAMBUQUIRA";3110707;"SBGW"
"231";"CAMBUQUIRA";3110707;"SBVG"
"232";"CAMPANÁRIO";3110806;"SBVT"
"233";"CAMPANÁRIO";3110806;"SBIP"
"234";"CAMPANHA";3110905;"SBGW"
"235";"CAMPANHA";3110905;"SBVG"
"236";"CAMPESTRE";3111002;"SBVG"
"237";"CAMPESTRE";3111002;"SBPC"
"238";"CAMPINA VERDE";3111101;"SBSR"
"239";"CAMPO AZUL";3111150;"SBMK"
"240";"CAMPO AZUL";3111150;"SBBR"
"241";"CAMPO BELO";3111200;"SBBQ"
"242";"CAMPO BELO";3111200;"SBVG"
"243";"CAMPO DO MEIO";3111309;"SBVG"
"244";"CAMPO DO MEIO";3111309;"SBPC"
"245";"CAMPO FLORIDO";3111408;"SBUR"
"246";"CAMPOS ALTOS";3111507;"SBAX"
"247";"CAMPOS ALTOS";3111507;"SBFC"
"248";"CAMPOS GERAIS";3111606;"SBVG"
"249";"CAMPOS GERAIS";3111606;"SBPC"
"250";"CANA VERDE";3111903;"SBBQ"
"251";"CANA VERDE";3111903;"SBVG"
"252";"CANAÃ";3111705;"SBBQ"
"253";"CANAÃ";3111705;"SBIP"
"254";"CANÁPOLIS";3111804;"SBUL"
"255";"CANDEIAS";3112000;"SBPR"
"256";"CANDEIAS";3112000;"SBVG"
"257";"CANTAGALO";3112059;"SBLS"
"258";"CANTAGALO";3112059;"SBIP"
"259";"CAPARAÓ";3112109;"SBCP"
"260";"CAPARAÓ";3112109;"SBIP"
"261";"CAPELA NOVA";3112208;"SBBQ"
"262";"CAPELA NOVA";3112208;"SBPR"
"263";"CAPELINHA";3112307;"SBMK"
"264";"CAPELINHA";3112307;"SBIP"
"265";"CAPETINGA";3112406;"SBRP"
"266";"CAPETINGA";3112406;"SBFC"
"267";"CAPIM BRANCO";3112505;"SBLS"
"268";"CAPIM BRANCO";3112505;"SBCF"
"269";"CAPINÓPOLIS";3112604;"SBUL"
"270";"CAPITÃO ANDRADE";3112653;"SBVT"
"271";"CAPITÃO ANDRADE";3112653;"SBIP"
"272";"CAPITÃO ENÉAS";3112703;"SBMK"
"273";"CAPITÃO ENÉAS";3112703;"SBQV"
"274";"CAPITÓLIO";3112802;"SBVG"
"275";"CAPITÓLIO";3112802;"SBFC"
"276";"CAPUTIRA";3112901;"SBLS"
"277";"CAPUTIRA";3112901;"SBIP"
"278";"CARAÍ";3113008;"SBMK"
"279";"CARANAÍBA";3113107;"SBBQ"
"280";"CARANAÍBA";3113107;"SBPR"
"281";"CARANDAÍ";3113206;"SBBQ"
"282";"CARANDAÍ";3113206;"SBPR"
"283";"CARANGOLA";3113305;"SBCP"
"284";"CARANGOLA";3113305;"SBIP"
"285";"CARATINGA";3113404;"SBLS"
"286";"CARATINGA";3113404;"SBIP"
"287";"CARBONITA";3113503;"SBMK"
"288";"CARBONITA";3113503;"SBIP"
"289";"CAREAÇU";3113602;"SBGW"
"290";"CAREAÇU";3113602;"SBVG"
"291";"CARLOS CHAGAS";3113701;"SBPS"
"292";"CARMÉSIA";3113800;"SBLS"
"293";"CARMÉSIA";3113800;"SBCF"
"294";"CARMO DA CACHOEIRA";3113909;"SBVG"
"295";"CARMO DA CACHOEIRA";3113909;"SBRS"
"296";"CARMO DA MATA";3114006;"SBPR"
"297";"CARMO DA MATA";3114006;"SBBH"
"298";"CARMO DE MINAS";3114105;"SBGW"
"299";"CARMO DE MINAS";3114105;"SBVG"
"300";"CARMO DO CAJURU";3114204;"SBPR"
"301";"CARMO DO CAJURU";3114204;"SBCF"
"302";"CARMO DO PARANAÍBA";3114303;"SBAX"
"303";"CARMO DO PARANAÍBA";3114303;"SBUR"
"304";"CARMO DO RIO CLARO";3114402;"SBVG"
"305";"CARMO DO RIO CLARO";3114402;"SBPC"
"306";"CARMÓPOLIS DE MINAS";3114501;"SBBQ"
"307";"CARMÓPOLIS DE MINAS";3114501;"SBPR"
"308";"CARNEIRINHO";3114550;"SBAU"
"309";"CARRANCAS";3114600;"SBBQ"
"310";"CARRANCAS";3114600;"SBVG"
"311";"CARVALHÓPOLIS";3114709;"SBGW"
"312";"CARVALHÓPOLIS";3114709;"SBVG"
"313";"CARVALHOS";3114808;"SBGW"
"314";"CARVALHOS";3114808;"SBVG"
"315";"CASA GRANDE";3114907;"SBBQ"
"316";"CASA GRANDE";3114907;"SBPR"
"317";"CASCALHO RICO";3115003;"SBUL"
"318";"CASCALHO RICO";3115003;"SBUR"
"319";"CÁSSIA";3115102;"SBAX"
"320";"CÁSSIA";3115102;"SBFC"
"321";"CATAGUASES";3115300;"SBBQ"
"322";"CATAGUASES";3115300;"SBJF"
"323";"CATAS ALTAS";3115359;"SBLS"
"324";"CATAS ALTAS";3115359;"SBPR"
"325";"CATAS ALTAS DA NORUEGA";3115409;"SBBQ"
"326";"CATAS ALTAS DA NORUEGA";3115409;"SBPR"
"327";"CATUJI";3115458;"SBIP"
"328";"CATUTI";3115474;"SBMK"
"329";"CATUTI";3115474;"SBQV"
"330";"CAXAMBU";3115508;"SBGW"
"331";"CAXAMBU";3115508;"SBVG"
"332";"CEDRO DO ABAETÉ";3115607;"SBCF"
"333";"CEDRO DO ABAETÉ";3115607;"SBAX"
"334";"CENTRAL DE MINAS";3115706;"SBVT"
"335";"CENTRAL DE MINAS";3115706;"SBIP"
"336";"CENTRALINA";3115805;"SBUL"
"337";"CENTRALINA";3115805;"SBUR"
"338";"CHÁCARA";3115904;"SBBQ"
"339";"CHÁCARA";3115904;"SBJF"
"340";"CHALÉ";3116001;"SBVT"
"341";"CHALÉ";3116001;"SBIP"
"342";"CHAPADA DO NORTE";3116100;"SBMK"
"343";"CHAPADA DO NORTE";3116100;"SBIP"
"344";"CHAPADA GAÚCHA";3116159;"SBMK"
"345";"CHAPADA GAÚCHA";3116159;"SBBR"
"346";"CHIADOR";3116209;"SBGL"
"347";"CHIADOR";3116209;"SBJF"
"348";"CIPOTÂNEA";3116308;"SBBQ"
"349";"CIPOTÂNEA";3116308;"SBPR"
"350";"CLARAVAL";3116407;"SBRP"
"351";"CLARAVAL";3116407;"SBAX"
"352";"CLARO DOS POÇÕES";3116506;"SBLS"
"353";"CLARO DOS POÇÕES";3116506;"SBMK"
"354";"CLÁUDIO";3116605;"SBPR"
"355";"CLÁUDIO";3116605;"SBCF"
"356";"COIMBRA";3116704;"SBBQ"
"357";"COIMBRA";3116704;"SBIP"
"358";"COLUNA";3116803;"SBLS"
"359";"COLUNA";3116803;"SBIP"
"360";"COMENDADOR GOMES";3116902;"SBUR"
"361";"COMERCINHO";3117009;"SBPS"
"362";"COMERCINHO";3117009;"SBMK"
"363";"CONCEIÇÃO DA APARECIDA";3117108;"SBVG"
"364";"CONCEIÇÃO DA APARECIDA";3117108;"SBPC"
"365";"CONCEIÇÃO DA BARRA DE MINAS";3115201;"SBBQ"
"366";"CONCEIÇÃO DA BARRA DE MINAS";3115201;"SBVG"
"367";"CONCEIÇÃO DAS ALAGOAS";3117306;"SBUR"
"368";"CONCEIÇÃO DAS PEDRAS";3117207;"SBGW"
"369";"CONCEIÇÃO DAS PEDRAS";3117207;"SBVG"
"370";"CONCEIÇÃO DE IPANEMA";3117405;"SBVT"
"371";"CONCEIÇÃO DE IPANEMA";3117405;"SBIP"
"372";"CONCEIÇÃO DO MATO DENTRO";3117504;"SBLS"
"373";"CONCEIÇÃO DO MATO DENTRO";3117504;"SBCF"
"374";"CONCEIÇÃO DO PARÁ";3117603;"SBPR"
"375";"CONCEIÇÃO DO PARÁ";3117603;"SBCF"
"376";"CONCEIÇÃO DO RIO VERDE";3117702;"SBGW"
"377";"CONCEIÇÃO DO RIO VERDE";3117702;"SBVG"
"378";"CONCEIÇÃO DOS OUROS";3117801;"SBGW"
"379";"CONCEIÇÃO DOS OUROS";3117801;"SBTA"
"380";"CÔNEGO MARINHO";3117836;"SBMK"
"381";"CÔNEGO MARINHO";3117836;"SBBR"
"382";"CONFINS";3117876;"SBLS"
"383";"CONFINS";3117876;"SBCF"
"384";"CONGONHAL";3117900;"SBVG"
"385";"CONGONHAL";3117900;"SBPC"
"386";"CONGONHAS";3118007;"SBBQ"
"387";"CONGONHAS";3118007;"SBPR"
"388";"CONGONHAS DO NORTE";3118106;"SBLS"
"389";"CONGONHAS DO NORTE";3118106;"SBCF"
"390";"CONQUISTA";3118205;"SBAX"
"391";"CONQUISTA";3118205;"SBUR"
"392";"CONSELHEIRO LAFAIETE";3118304;"SBBQ"
"393";"CONSELHEIRO LAFAIETE";3118304;"SBPR"
"394";"CONSELHEIRO PENA";3118403;"SBVT"
"395";"CONSELHEIRO PENA";3118403;"SBIP"
"396";"CONSOLAÇÃO";3118502;"SBSJ"
"397";"CONSOLAÇÃO";3118502;"SBTA"
"398";"CONTAGEM";3118601;"SBPR"
"399";"CONTAGEM";3118601;"SBCF"
"400";"COQUEIRAL";3118700;"SBVG"
"401";"COQUEIRAL";3118700;"SBPC"
"402";"CORAÇÃO DE JESUS";3118809;"SBLS"
"403";"CORAÇÃO DE JESUS";3118809;"SBMK"
"404";"CORDISBURGO";3118908;"SBLS"
"405";"CORDISBURGO";3118908;"SBCF"
"406";"CORDISLÂNDIA";3119005;"SBGW"
"407";"CORDISLÂNDIA";3119005;"SBVG"
"408";"CORINTO";3119104;"SBLS"
"409";"CORINTO";3119104;"SBCF"
"410";"COROACI";3119203;"SBLS"
"411";"COROACI";3119203;"SBIP"
"412";"COROMANDEL";3119302;"SBUL"
"413";"COROMANDEL";3119302;"SBAX"
"414";"CORONEL FABRICIANO";3119401;"SBLS"
"415";"CORONEL FABRICIANO";3119401;"SBIP"
"416";"CORONEL MURTA";3119500;"SBMK"
"417";"CORONEL MURTA";3119500;"SBQV"
"418";"CORONEL PACHECO";3119609;"SBBQ"
"419";"CORONEL PACHECO";3119609;"SBJF"
"420";"CORONEL XAVIER CHAVES";3119708;"SBBQ"
"421";"CORONEL XAVIER CHAVES";3119708;"SBPR"
"422";"CÓRREGO DANTA";3119807;"SBAX"
"423";"CÓRREGO DANTA";3119807;"SBFC"
"424";"CÓRREGO DO BOM JESUS";3119906;"SBSJ"
"425";"CÓRREGO DO BOM JESUS";3119906;"SBTA"
"426";"CÓRREGO FUNDO";3119955;"SBPR"
"427";"CÓRREGO FUNDO";3119955;"SBVG"
"428";"CÓRREGO NOVO";3120003;"SBLS"
"429";"CÓRREGO NOVO";3120003;"SBIP"
"430";"COUTO DE MAGALHÃES DE MINAS";3120102;"SBMK"
"431";"COUTO DE MAGALHÃES DE MINAS";3120102;"SBCF"
"432";"CRISÓLITA";3120151;"SBPS"
"433";"CRISTAIS";3120201;"SBVG"
"434";"CRISTAIS";3120201;"SBPC"
"435";"CRISTÁLIA";3120300;"SBMK"
"436";"CRISTÁLIA";3120300;"SBQV"
"437";"CRISTIANO OTONI";3120409;"SBBQ"
"438";"CRISTIANO OTONI";3120409;"SBPR"
"439";"CRISTINA";3120508;"SBGW"
"440";"CRISTINA";3120508;"SBVG"
"441";"CRUCILÂNDIA";3120607;"SBPR"
"442";"CRUCILÂNDIA";3120607;"SBCF"
"443";"CRUZEIRO DA FORTALEZA";3120706;"SBUL"
"444";"CRUZEIRO DA FORTALEZA";3120706;"SBAX"
"445";"CRUZÍLIA";3120805;"SBBQ"
"446";"CRUZÍLIA";3120805;"SBVG"
"447";"CUPARAQUE";3120839;"SBVT"
"448";"CUPARAQUE";3120839;"SBIP"
"449";"CURRAL DE DENTRO";3120870;"SBPS"
"450";"CURRAL DE DENTRO";3120870;"SBMK"
"451";"CURVELO";3120904;"SBLS"
"452";"CURVELO";3120904;"SBCF"
"453";"DATAS";3121001;"SBLS"
"454";"DATAS";3121001;"SBCF"
"455";"DELFIM MOREIRA";3121100;"SBGW"
"456";"DELFIM MOREIRA";3121100;"SBTA"
"457";"DELFINÓPOLIS";3121209;"SBAX"
"458";"DELFINÓPOLIS";3121209;"SBFC"
"459";"DELTA";3121258;"SBUR"
"460";"DELTA";3121258;"SBFC"
"461";"DESCOBERTO";3121308;"SBBQ"
"462";"DESCOBERTO";3121308;"SBJF"
"463";"DESTERRO DE ENTRE RIOS";3121407;"SBBQ"
"464";"DESTERRO DE ENTRE RIOS";3121407;"SBPR"
"465";"DESTERRO DO MELO";3121506;"SBBQ"
"466";"DESTERRO DO MELO";3121506;"SBPR"
"467";"DIAMANTINA";3121605;"SBLS"
"468";"DIAMANTINA";3121605;"SBMK"
"469";"DIOGO DE VASCONCELOS";3121704;"SBBQ"
"470";"DIOGO DE VASCONCELOS";3121704;"SBPR"
"471";"DIONÍSIO";3121803;"SBLS"
"472";"DIONÍSIO";3121803;"SBIP"
"473";"DIVINÉSIA";3121902;"SBBQ"
"474";"DIVINÉSIA";3121902;"SBPR"
"475";"DIVINO";3122009;"SBCP"
"476";"DIVINO";3122009;"SBBQ"
"477";"DIVINO DAS LARANJEIRAS";3122108;"SBVT"
"478";"DIVINO DAS LARANJEIRAS";3122108;"SBIP"
"479";"DIVINOLÂNDIA DE MINAS";3122207;"SBLS"
"480";"DIVINOLÂNDIA DE MINAS";3122207;"SBIP"
"481";"DIVINÓPOLIS";3122306;"SBPR"
"482";"DIVINÓPOLIS";3122306;"SBCF"
"483";"DIVISA ALEGRE";3122355;"SBPS"
"484";"DIVISA ALEGRE";3122355;"SBTC"
"485";"DIVISA NOVA";3122405;"SBVG"
"486";"DIVISA NOVA";3122405;"SBPC"
"487";"DIVISÓPOLIS";3122454;"SBPS"
"488";"DIVISÓPOLIS";3122454;"SBTC"
"489";"DOM BOSCO";3122470;"SBMK"
"490";"DOM BOSCO";3122470;"SBBR"
"491";"DOM CAVATI";3122504;"SBLS"
"492";"DOM CAVATI";3122504;"SBIP"
"493";"DOM JOAQUIM";3122603;"SBLS"
"494";"DOM JOAQUIM";3122603;"SBCF"
"495";"DOM SILVÉRIO";3122702;"SBLS"
"496";"DOM SILVÉRIO";3122702;"SBBH"
"497";"DOM VIÇOSO";3122801;"SBGW"
"498";"DOM VIÇOSO";3122801;"SBVG"
"499";"DONA EUSÉBIA";3122900;"SBBQ"
"500";"DONA EUSÉBIA";3122900;"SBJF"
"501";"DORES DE CAMPOS";3123007;"SBBQ"
"502";"DORES DE CAMPOS";3123007;"SBPR"
"503";"DORES DE GUANHÃES";3123106;"SBLS"
"504";"DORES DE GUANHÃES";3123106;"SBIP"
"505";"DORES DO INDAIÁ";3123205;"SBCF"
"506";"DORES DO INDAIÁ";3123205;"SBAX"
"507";"DORES DO TURVO";3123304;"SBBQ"
"508";"DORES DO TURVO";3123304;"SBPR"
"509";"DORESÓPOLIS";3123403;"SBVG"
"510";"DORESÓPOLIS";3123403;"SBAX"
"511";"DOURADOQUARA";3123502;"SBUL"
"512";"DOURADOQUARA";3123502;"SBAX"
"513";"DURANDÉ";3123528;"SBVT"
"514";"DURANDÉ";3123528;"SBIP"
"515";"ELÓI MENDES";3123601;"SBVG"
"516";"ELÓI MENDES";3123601;"SBPC"
"517";"ENGENHEIRO CALDAS";3123700;"SBLS"
"518";"ENGENHEIRO CALDAS";3123700;"SBIP"
"519";"ENGENHEIRO NAVARRO";3123809;"SBLS"
"520";"ENGENHEIRO NAVARRO";3123809;"SBMK"
"521";"ENTRE FOLHAS";3123858;"SBLS"
"522";"ENTRE FOLHAS";3123858;"SBIP"
"523";"ENTRE RIOS DE MINAS";3123908;"SBBQ"
"524";"ENTRE RIOS DE MINAS";3123908;"SBPR"
"525";"ERVÁLIA";3124005;"SBBQ"
"526";"ERVÁLIA";3124005;"SBIP"
"527";"ESMERALDAS";3124104;"SBPR"
"528";"ESMERALDAS";3124104;"SBCF"
"529";"ESPERA FELIZ";3124203;"SBCP"
"530";"ESPERA FELIZ";3124203;"SBVT"
"531";"ESPINOSA";3124302;"SBMK"
"532";"ESPINOSA";3124302;"SBQV"
"533";"ESPÍRITO SANTO DO DOURADO";3124401;"SBGW"
"534";"ESPÍRITO SANTO DO DOURADO";3124401;"SBVG"
"535";"ESTIVA";3124500;"SBSJ"
"536";"ESTIVA";3124500;"SBTA"
"537";"ESTRELA DALVA";3124609;"SBME"
"538";"ESTRELA DALVA";3124609;"SBJF"
"539";"ESTRELA DO INDAIÁ";3124708;"SBCF"
"540";"ESTRELA DO INDAIÁ";3124708;"SBAX"
"541";"ESTRELA DO SUL";3124807;"SBUL"
"542";"ESTRELA DO SUL";3124807;"SBAX"
"543";"EUGENÓPOLIS";3124906;"SBCP"
"544";"EUGENÓPOLIS";3124906;"SBME"
"545";"EWBANK DA CÂMARA";3125002;"SBBQ"
"546";"EWBANK DA CÂMARA";3125002;"SBJF"
"547";"EXTREMA";3125101;"SBGR"
"548";"EXTREMA";3125101;"SBSJ"
"549";"FAMA";3125200;"SBVG"
"550";"FAMA";3125200;"SBPC"
"551";"FARIA LEMOS";3125309;"SBCP"
"552";"FARIA LEMOS";3125309;"SBIP"
"553";"FELÍCIO DOS SANTOS";3125408;"SBMK"
"554";"FELÍCIO DOS SANTOS";3125408;"SBIP"
"555";"FELISBURGO";3125606;"SBPS"
"556";"FELISBURGO";3125606;"SBQV"
"557";"FELIXLÂNDIA";3125705;"SBLS"
"558";"FELIXLÂNDIA";3125705;"SBCF"
"559";"FERNANDES TOURINHO";3125804;"SBLS"
"560";"FERNANDES TOURINHO";3125804;"SBIP"
"561";"FERROS";3125903;"SBLS"
"562";"FERROS";3125903;"SBIP"
"563";"FERVEDOURO";3125952;"SBCP"
"564";"FERVEDOURO";3125952;"SBBQ"
"565";"FLORESTAL";3126000;"SBPR"
"566";"FLORESTAL";3126000;"SBCF"
"567";"FORMIGA";3126109;"SBPR"
"568";"FORMIGA";3126109;"SBVG"
"569";"FORMOSO";3126208;"SBBR"
"570";"FORTALEZA DE MINAS";3126307;"SBRP"
"571";"FORTALEZA DE MINAS";3126307;"SBFC"
"572";"FORTUNA DE MINAS";3126406;"SBPR"
"573";"FORTUNA DE MINAS";3126406;"SBCF"
"574";"FRANCISCO BADARÓ";3126505;"SBMK"
"575";"FRANCISCO BADARÓ";3126505;"SBIP"
"576";"FRANCISCO DUMONT";3126604;"SBLS"
"577";"FRANCISCO DUMONT";3126604;"SBMK"
"578";"FRANCISCO SÁ";3126703;"SBMK"
"579";"FRANCISCO SÁ";3126703;"SBQV"
"580";"FRANCISCÓPOLIS";3126752;"SBMK"
"581";"FRANCISCÓPOLIS";3126752;"SBIP"
"582";"FREI GASPAR";3126802;"SBIP"
"583";"FREI INOCÊNCIO";3126901;"SBLS"
"584";"FREI INOCÊNCIO";3126901;"SBIP"
"585";"FREI LAGONEGRO";3126950;"SBMK"
"586";"FREI LAGONEGRO";3126950;"SBIP"
"587";"FRONTEIRA";3127008;"SBSR"
"588";"FRONTEIRA DOS VALES";3127057;"SBPS"
"589";"FRONTEIRA DOS VALES";3127057;"SBQV"
"590";"FRUTA DE LEITE";3127073;"SBMK"
"591";"FRUTA DE LEITE";3127073;"SBQV"
"592";"FRUTAL";3127107;"SBSR"
"593";"FUNILÂNDIA";3127206;"SBLS"
"594";"FUNILÂNDIA";3127206;"SBCF"
"595";"GALILÉIA";3127305;"SBVT"
"596";"GALILÉIA";3127305;"SBIP"
"597";"GAMELEIRAS";3127339;"SBMK"
"598";"GAMELEIRAS";3127339;"SBQV"
"599";"GLAUCILÂNDIA";3127354;"SBMK"
"600";"GLAUCILÂNDIA";3127354;"SBCF"
"601";"GOIABEIRA";3127370;"SBVT"
"602";"GOIABEIRA";3127370;"SBIP"
"603";"GOIANÁ";3127388;"SBBQ"
"604";"GOIANÁ";3127388;"SBJF"
"605";"GONÇALVES";3127404;"SBSJ"
"606";"GONÇALVES";3127404;"SBTA"
"607";"GONZAGA";3127503;"SBLS"
"608";"GONZAGA";3127503;"SBIP"
"609";"GOUVEIA";3127602;"SBLS"
"610";"GOUVEIA";3127602;"SBCF"
"611";"GOVERNADOR VALADARES";3127701;"SBLS"
"612";"GOVERNADOR VALADARES";3127701;"SBIP"
"613";"GRÃO MOGOL";3127800;"SBMK"
"614";"GRÃO MOGOL";3127800;"SBQV"
"615";"GRUPIARA";3127909;"SBUL"
"616";"GRUPIARA";3127909;"SBAX"
"617";"GUANHÃES";3128006;"SBLS"
"618";"GUANHÃES";3128006;"SBIP"
"619";"GUAPÉ";3128105;"SBVG"
"620";"GUAPÉ";3128105;"SBPC"
"621";"GUARACIABA";3128204;"SBBQ"
"622";"GUARACIABA";3128204;"SBPR"
"623";"GUARACIAMA";3128253;"SBMK"
"624";"GUARACIAMA";3128253;"SBCF"
"625";"GUARANÉSIA";3128303;"SBYS"
"626";"GUARANÉSIA";3128303;"SBPC"
"627";"GUARANI";3128402;"SBBQ"
"628";"GUARANI";3128402;"SBJF"
"629";"GUARARÁ";3128501;"SBBQ"
"630";"GUARARÁ";3128501;"SBJF"
"631";"GUARDA-MOR";3128600;"SBUL"
"632";"GUARDA-MOR";3128600;"SBAX"
"633";"GUAXUPÉ";3128709;"SBYS"
"634";"GUAXUPÉ";3128709;"SBPC"
"635";"GUIDOVAL";3128808;"SBBQ"
"636";"GUIDOVAL";3128808;"SBJF"
"637";"GUIMARÂNIA";3128907;"SBUL"
"638";"GUIMARÂNIA";3128907;"SBAX"
"639";"GUIRICEMA";3129004;"SBCP"
"640";"GUIRICEMA";3129004;"SBBQ"
"641";"GURINHATÃ";3129103;"SBUL"
"642";"HELIODORA";3129202;"SBGW"
"643";"HELIODORA";3129202;"SBVG"
"644";"IAPU";3129301;"SBLS"
"645";"IAPU";3129301;"SBIP"
"646";"IBERTIOGA";3129400;"SBBQ"
"647";"IBERTIOGA";3129400;"SBJF"
"648";"IBIÁ";3129509;"SBAX"
"649";"IBIÁ";3129509;"SBFC"
"650";"IBIAÍ";3129608;"SBLS"
"651";"IBIAÍ";3129608;"SBMK"
"652";"IBIRACATU";3129657;"SBMK"
"653";"IBIRACATU";3129657;"SBQV"
"654";"IBIRACI";3129707;"SBAX"
"655";"IBIRACI";3129707;"SBFC"
"656";"IBIRITÉ";3129806;"SBLS"
"657";"IBIRITÉ";3129806;"SBCF"
"658";"IBITIÚRA DE MINAS";3129905;"SBVG"
"659";"IBITIÚRA DE MINAS";3129905;"SBYS"
"660";"IBITURUNA";3130002;"SBBQ"
"661";"IBITURUNA";3130002;"SBVG"
"662";"ICARAÍ DE MINAS";3130051;"SBMK"
"663";"ICARAÍ DE MINAS";3130051;"SBBR"
"664";"IGARAPÉ";3130101;"SBPR"
"665";"IGARAPÉ";3130101;"SBCF"
"666";"IGARATINGA";3130200;"SBPR"
"667";"IGARATINGA";3130200;"SBCF"
"668";"IGUATAMA";3130309;"SBVG"
"669";"IGUATAMA";3130309;"SBAX"
"670";"IJACI";3130408;"SBBQ"
"671";"IJACI";3130408;"SBVG"
"672";"ILICÍNEA";3130507;"SBVG"
"673";"ILICÍNEA";3130507;"SBPC"
"674";"IMBÉ DE MINAS";3130556;"SBVT"
"675";"IMBÉ DE MINAS";3130556;"SBIP"
"676";"INCONFIDENTES";3130606;"SBSJ"
"677";"INCONFIDENTES";3130606;"SBPC"
"678";"INDAIABIRA";3130655;"SBMK"
"679";"INDAIABIRA";3130655;"SBQV"
"680";"INDIANÓPOLIS";3130705;"SBUL"
"681";"INDIANÓPOLIS";3130705;"SBAX"
"682";"INGAÍ";3130804;"SBBQ"
"683";"INGAÍ";3130804;"SBVG"
"684";"INHAPIM";3130903;"SBVT"
"685";"INHAPIM";3130903;"SBIP"
"686";"INHAÚMA";3131000;"SBLS"
"687";"INHAÚMA";3131000;"SBCF"
"688";"INIMUTABA";3131109;"SBLS"
"689";"INIMUTABA";3131109;"SBCF"
"690";"IPABA";3131158;"SBLS"
"691";"IPABA";3131158;"SBIP"
"692";"IPANEMA";3131208;"SBVT"
"693";"IPANEMA";3131208;"SBIP"
"694";"IPATINGA";3131307;"SBLS"
"695";"IPATINGA";3131307;"SBIP"
"696";"IPIAÇU";3131406;"SBUL"
"697";"IPUIÚNA";3131505;"SBVG"
"698";"IPUIÚNA";3131505;"SBYS"
"699";"IRAÍ DE MINAS";3131604;"SBUL"
"700";"IRAÍ DE MINAS";3131604;"SBAX"
"701";"ITABIRA";3131703;"SBLS"
"702";"ITABIRA";3131703;"SBCF"
"703";"ITABIRINHA";3131802;"SBVT"
"704";"ITABIRINHA";3131802;"SBIP"
"705";"ITABIRITO";3131901;"SBLS"
"706";"ITABIRITO";3131901;"SBPR"
"707";"ITACAMBIRA";3132008;"SBMK"
"708";"ITACAMBIRA";3132008;"SBIP"
"709";"ITACARAMBI";3132107;"SBMK"
"710";"ITACARAMBI";3132107;"SBQV"
"711";"ITAGUARA";3132206;"SBPR"
"712";"ITAGUARA";3132206;"SBCF"
"713";"ITAIPÉ";3132305;"SBMK"
"714";"ITAIPÉ";3132305;"SBIP"
"715";"ITAJUBÁ";3132404;"SBGW"
"716";"ITAJUBÁ";3132404;"SBTA"
"717";"ITAMARANDIBA";3132503;"SBMK"
"718";"ITAMARANDIBA";3132503;"SBIP"
"719";"ITAMARATI DE MINAS";3132602;"SBBQ"
"720";"ITAMARATI DE MINAS";3132602;"SBJF"
"721";"ITAMBACURI";3132701;"SBMK"
"722";"ITAMBACURI";3132701;"SBIP"
"723";"ITAMBÉ DO MATO DENTRO";3132800;"SBLS"
"724";"ITAMBÉ DO MATO DENTRO";3132800;"SBCF"
"725";"ITAMOGI";3132909;"SBRP"
"726";"ITAMOGI";3132909;"SBFC"
"727";"ITAMONTE";3133006;"SBGW"
"728";"ITAMONTE";3133006;"SBRS"
"729";"ITANHANDU";3133105;"SBGW"
"730";"ITANHANDU";3133105;"SBRS"
"731";"ITANHOMI";3133204;"SBVT"
"732";"ITANHOMI";3133204;"SBIP"
"733";"ITAOBIM";3133303;"SBMK"
"734";"ITAOBIM";3133303;"SBQV"
"735";"ITAPAGIPE";3133402;"SBSR"
"736";"ITAPECERICA";3133501;"SBPR"
"737";"ITAPECERICA";3133501;"SBVG"
"738";"ITAPEVA";3133600;"SBSJ"
"739";"ITAPEVA";3133600;"SBTA"
"740";"ITATIAIUÇU";3133709;"SBPR"
"741";"ITATIAIUÇU";3133709;"SBCF"
"742";"ITAÚ DE MINAS";3133758;"SBRP"
"743";"ITAÚ DE MINAS";3133758;"SBFC"
"744";"ITAÚNA";3133808;"SBPR"
"745";"ITAÚNA";3133808;"SBCF"
"746";"ITAVERAVA";3133907;"SBBQ"
"747";"ITAVERAVA";3133907;"SBPR"
"748";"ITINGA";3134004;"SBMK"
"749";"ITINGA";3134004;"SBQV"
"750";"ITUETA";3134103;"SBVT"
"751";"ITUETA";3134103;"SBIP"
"752";"ITUIUTABA";3134202;"SBUL"
"753";"ITUMIRIM";3134301;"SBBQ"
"754";"ITUMIRIM";3134301;"SBVG"
"755";"ITURAMA";3134400;"SBSR"
"756";"ITURAMA";3134400;"SBAU"
"757";"ITUTINGA";3134509;"SBBQ"
"758";"ITUTINGA";3134509;"SBVG"
"759";"JABOTICATUBAS";3134608;"SBLS"
"760";"JABOTICATUBAS";3134608;"SBCF"
"761";"JACINTO";3134707;"SBPS"
"762";"JACINTO";3134707;"SBTC"
"763";"JACUÍ";3134806;"SBPC"
"764";"JACUÍ";3134806;"SBFC"
"765";"JACUTINGA";3134905;"SBKP"
"766";"JACUTINGA";3134905;"SBYS"
"767";"JAGUARAÇU";3135001;"SBLS"
"768";"JAGUARAÇU";3135001;"SBIP"
"769";"JAÍBA";3135050;"SBMK"
"770";"JAÍBA";3135050;"SBQV"
"771";"JAMPRUCA";3135076;"SBVT"
"772";"JAMPRUCA";3135076;"SBIP"
"773";"JANAÚBA";3135100;"SBMK"
"774";"JANAÚBA";3135100;"SBQV"
"775";"JANUÁRIA";3135209;"SBMK"
"776";"JANUÁRIA";3135209;"SBBR"
"777";"JAPARAÍBA";3135308;"SBVG"
"778";"JAPARAÍBA";3135308;"SBAX"
"779";"JAPONVAR";3135357;"SBMK"
"780";"JAPONVAR";3135357;"SBBR"
"781";"JECEABA";3135407;"SBBQ"
"782";"JECEABA";3135407;"SBPR"
"783";"JENIPAPO DE MINAS";3135456;"SBMK"
"784";"JENIPAPO DE MINAS";3135456;"SBIP"
"785";"JEQUERI";3135506;"SBBQ"
"786";"JEQUERI";3135506;"SBBH"
"787";"JEQUITAÍ";3135605;"SBLS"
"788";"JEQUITAÍ";3135605;"SBMK"
"789";"JEQUITIBÁ";3135704;"SBLS"
"790";"JEQUITIBÁ";3135704;"SBCF"
"791";"JEQUITINHONHA";3135803;"SBPS"
"792";"JEQUITINHONHA";3135803;"SBQV"
"793";"JESUÂNIA";3135902;"SBGW"
"794";"JESUÂNIA";3135902;"SBVG"
"795";"JOAÍMA";3136009;"SBPS"
"796";"JOAÍMA";3136009;"SBQV"
"797";"JOANÉSIA";3136108;"SBLS"
"798";"JOANÉSIA";3136108;"SBIP"
"799";"JOÃO MONLEVADE";3136207;"SBLS"
"800";"JOÃO MONLEVADE";3136207;"SBPR"
"801";"JOÃO PINHEIRO";3136306;"SBMK"
"802";"JOÃO PINHEIRO";3136306;"SBUL"
"803";"JOAQUIM FELÍCIO";3136405;"SBLS"
"804";"JOAQUIM FELÍCIO";3136405;"SBMK"
"805";"JORDÂNIA";3136504;"SBPS"
"806";"JORDÂNIA";3136504;"SBTC"
"807";"JOSÉ GONÇALVES DE MINAS";3136520;"SBMK"
"808";"JOSÉ GONÇALVES DE MINAS";3136520;"SBIP"
"809";"JOSÉ RAYDAN";3136553;"SBLS"
"810";"JOSÉ RAYDAN";3136553;"SBIP"
"811";"JOSENÓPOLIS";3136579;"SBMK"
"812";"JOSENÓPOLIS";3136579;"SBQV"
"813";"JUATUBA";3136652;"SBPR"
"814";"JUATUBA";3136652;"SBCF"
"815";"JUIZ DE FORA";3136702;"SBBQ"
"816";"JUIZ DE FORA";3136702;"SBJF"
"817";"JURAMENTO";3136801;"SBMK"
"818";"JURAMENTO";3136801;"SBCF"
"819";"JURUAIA";3136900;"SBVG"
"820";"JURUAIA";3136900;"SBPC"
"821";"JUVENÍLIA";3136959;"SBMK"
"822";"JUVENÍLIA";3136959;"SBQV"
"823";"LADAINHA";3137007;"SBMK"
"824";"LADAINHA";3137007;"SBIP"
"825";"LAGAMAR";3137106;"SBUL"
"826";"LAGAMAR";3137106;"SBAX"
"827";"LAGOA DA PRATA";3137205;"SBPR"
"828";"LAGOA DA PRATA";3137205;"SBBH"
"829";"LAGOA DOS PATOS";3137304;"SBLS"
"830";"LAGOA DOS PATOS";3137304;"SBMK"
"831";"LAGOA DOURADA";3137403;"SBBQ"
"832";"LAGOA DOURADA";3137403;"SBPR"
"833";"LAGOA FORMOSA";3137502;"SBUL"
"834";"LAGOA FORMOSA";3137502;"SBAX"
"835";"LAGOA GRANDE";3137536;"SBUL"
"836";"LAGOA GRANDE";3137536;"SBAX"
"837";"LAGOA SANTA";3137601;"SBLS"
"838";"LAGOA SANTA";3137601;"SBCF"
"839";"LAJINHA";3137700;"SBVT"
"840";"LAJINHA";3137700;"SBIP"
"841";"LAMBARI";3137809;"SBGW"
"842";"LAMBARI";3137809;"SBVG"
"843";"LAMIM";3137908;"SBBQ"
"844";"LAMIM";3137908;"SBPR"
"845";"LARANJAL";3138005;"SBCP"
"846";"LARANJAL";3138005;"SBME"
"847";"LASSANCE";3138104;"SBLS"
"848";"LASSANCE";3138104;"SBMK"
"849";"LAVRAS";3138203;"SBBQ"
"850";"LAVRAS";3138203;"SBVG"
"851";"LEANDRO FERREIRA";3138302;"SBPR"
"852";"LEANDRO FERREIRA";3138302;"SBCF"
"853";"LEME DO PRADO";3138351;"SBMK"
"854";"LEME DO PRADO";3138351;"SBIP"
"855";"LEOPOLDINA";3138401;"SBBQ"
"856";"LEOPOLDINA";3138401;"SBJF"
"857";"LIBERDADE";3138500;"SBBQ"
"858";"LIBERDADE";3138500;"SBJF"
"859";"LIMA DUARTE";3138609;"SBBQ"
"860";"LIMA DUARTE";3138609;"SBJF"
"861";"Limeira do Oeste";3138625;"SBSR"
"862";"LONTRA";3138658;"SBMK"
"863";"LONTRA";3138658;"SBQV"
"864";"LUISBURGO";3138674;"SBCP"
"865";"LUISBURGO";3138674;"SBIP"
"866";"LUISLÂNDIA";3138682;"SBMK"
"867";"LUISLÂNDIA";3138682;"SBBR"
"868";"LUMINÁRIAS";3138708;"SBBQ"
"869";"LUMINÁRIAS";3138708;"SBVG"
"870";"LUZ";3138807;"SBPR"
"871";"LUZ";3138807;"SBAX"
"872";"MACHACALIS";3138906;"SBPS"
"873";"MACHADO";3139003;"SBVG"
"874";"MACHADO";3139003;"SBPC"
"875";"MADRE DE DEUS DE MINAS";3139102;"SBBQ"
"876";"MADRE DE DEUS DE MINAS";3139102;"SBJF"
"877";"MALACACHETA";3139201;"SBMK"
"878";"MALACACHETA";3139201;"SBIP"
"879";"MAMONAS";3139250;"SBMK"
"880";"MAMONAS";3139250;"SBQV"
"881";"MANGA";3139300;"SBMK"
"882";"MANGA";3139300;"SBQV"
"883";"MANHUAÇU";3139409;"SBCP"
"884";"MANHUAÇU";3139409;"SBIP"
"885";"MANHUMIRIM";3139508;"SBCP"
"886";"MANHUMIRIM";3139508;"SBIP"
"887";"MANTENA";3139607;"SBVT"
"888";"MANTENA";3139607;"SBIP"
"889";"MAR DE ESPANHA";3139805;"SBBQ"
"890";"MAR DE ESPANHA";3139805;"SBJF"
"891";"MARAVILHAS";3139706;"SBPR"
"892";"MARAVILHAS";3139706;"SBCF"
"893";"MARIA DA FÉ";3139904;"SBGW"
"894";"MARIA DA FÉ";3139904;"SBTA"
"895";"MARIANA";3140001;"SBLS"
"896";"MARIANA";3140001;"SBPR"
"897";"MARILAC";3140100;"SBLS"
"898";"MARILAC";3140100;"SBIP"
"899";"MÁRIO CAMPOS";3140159;"SBPR"
"900";"MÁRIO CAMPOS";3140159;"SBCF"
"901";"MARIPÁ DE MINAS";3140209;"SBBQ"
"902";"MARIPÁ DE MINAS";3140209;"SBJF"
"903";"MARLIÉRIA";3140308;"SBLS"
"904";"MARLIÉRIA";3140308;"SBIP"
"905";"MARMELÓPOLIS";3140407;"SBGW"
"906";"MARMELÓPOLIS";3140407;"SBTA"
"907";"MARTINHO CAMPOS";3140506;"SBPR"
"908";"MARTINHO CAMPOS";3140506;"SBCF"
"909";"MARTINS SOARES";3140530;"SBVT"
"910";"MARTINS SOARES";3140530;"SBIP"
"911";"MATA VERDE";3140555;"SBPS"
"912";"MATA VERDE";3140555;"SBTC"
"913";"MATERLÂNDIA";3140605;"SBLS"
"914";"MATERLÂNDIA";3140605;"SBIP"
"915";"MATEUS LEME";3140704;"SBPR"
"916";"MATEUS LEME";3140704;"SBCF"
"917";"MATHIAS LOBATO";3171501;"SBLS"
"918";"MATHIAS LOBATO";3171501;"SBIP"
"919";"MATIAS BARBOSA";3140803;"SBGL"
"920";"MATIAS BARBOSA";3140803;"SBJF"
"921";"MATIAS CARDOSO";3140852;"SBMK"
"922";"MATIAS CARDOSO";3140852;"SBQV"
"923";"MATIPÓ";3140902;"SBBH"
"924";"MATIPÓ";3140902;"SBIP"
"925";"MATO VERDE";3141009;"SBMK"
"926";"MATO VERDE";3141009;"SBQV"
"927";"MATOZINHOS";3141108;"SBLS"
"928";"MATOZINHOS";3141108;"SBCF"
"929";"MATUTINA";3141207;"SBAX"
"930";"MATUTINA";3141207;"SBFC"
"931";"MEDEIROS";3141306;"SBAX"
"932";"MEDEIROS";3141306;"SBFC"
"933";"MEDINA";3141405;"SBPS"
"934";"MEDINA";3141405;"SBMK"
"935";"MENDES PIMENTEL";3141504;"SBVT"
"936";"MENDES PIMENTEL";3141504;"SBIP"
"937";"MERCÊS";3141603;"SBBQ"
"938";"MERCÊS";3141603;"SBJF"
"939";"MESQUITA";3141702;"SBLS"
"940";"MESQUITA";3141702;"SBIP"
"941";"MINAS NOVAS";3141801;"SBMK"
"942";"MINAS NOVAS";3141801;"SBIP"
"943";"MINDURI";3141900;"SBBQ"
"944";"MINDURI";3141900;"SBVG"
"945";"MIRABELA";3142007;"SBMK"
"946";"MIRABELA";3142007;"SBLP"
"947";"MIRADOURO";3142106;"SBCP"
"948";"MIRADOURO";3142106;"SBBQ"
"949";"MIRAÍ";3142205;"SBCP"
"950";"MIRAÍ";3142205;"SBBQ"
"951";"MIRAVÂNIA";3142254;"SBMK"
"952";"MIRAVÂNIA";3142254;"SBQV"
"953";"MOEDA";3142304;"SBLS"
"954";"MOEDA";3142304;"SBPR"
"955";"MOEMA";3142403;"SBPR"
"956";"MOEMA";3142403;"SBCF"
"957";"MONJOLOS";3142502;"SBLS"
"958";"MONJOLOS";3142502;"SBCF"
"959";"MONSENHOR PAULO";3142601;"SBGW"
"960";"MONSENHOR PAULO";3142601;"SBVG"
"961";"MONTALVÂNIA";3142700;"SBMK"
"962";"MONTALVÂNIA";3142700;"SBQV"
"963";"MONTE ALEGRE DE MINAS";3142809;"SBUL"
"964";"MONTE ALEGRE DE MINAS";3142809;"SBUR"
"965";"MONTE AZUL";3142908;"SBMK"
"966";"MONTE AZUL";3142908;"SBQV"
"967";"MONTE BELO";3143005;"SBVG"
"968";"MONTE BELO";3143005;"SBPC"
"969";"MONTE CARMELO";3143104;"SBUL"
"970";"MONTE CARMELO";3143104;"SBAX"
"971";"MONTE FORMOSO";3143153;"SBQV"
"972";"MONTE SANTO DE MINAS";3143203;"SBPC"
"973";"MONTE SANTO DE MINAS";3143203;"SBFC"
"974";"MONTE SIÃO";3143401;"SBKP"
"975";"MONTE SIÃO";3143401;"SBYS"
"976";"MONTES CLAROS";3143302;"SBMK"
"977";"MONTES CLAROS";3143302;"SBCF"
"978";"MONTEZUMA";3143450;"SBMK"
"979";"MONTEZUMA";3143450;"SBQV"
"980";"MORADA NOVA DE MINAS";3143500;"SBLS"
"981";"MORADA NOVA DE MINAS";3143500;"SBCF"
"982";"MORRO DA GARÇA";3143609;"SBLS"
"983";"MORRO DA GARÇA";3143609;"SBCF"
"984";"MORRO DO PILAR";3143708;"SBLS"
"985";"MORRO DO PILAR";3143708;"SBCF"
"986";"MUNHOZ";3143807;"SBGR"
"987";"MUNHOZ";3143807;"SBSJ"
"988";"MURIAÉ";3143906;"SBCP"
"989";"MURIAÉ";3143906;"SBBQ"
"990";"MUTUM";3144003;"SBVT"
"991";"MUTUM";3144003;"SBIP"
"992";"MUZAMBINHO";3144102;"SBYS"
"993";"MUZAMBINHO";3144102;"SBPC"
"994";"NACIP RAYDAN";3144201;"SBLS"
"995";"NACIP RAYDAN";3144201;"SBIP"
"996";"NANUQUE";3144300;"SBPS"
"997";"NAQUE";3144359;"SBLS"
"998";"NAQUE";3144359;"SBIP"
"999";"NATALÂNDIA";3144375;"SBBR"
"1000";"NATALÂNDIA";3144375;"SBAN"
"1001";"NATÉRCIA";3144409;"SBGW"
"1002";"NATÉRCIA";3144409;"SBVG"
"1003";"NAZARENO";3144508;"SBBQ"
"1004";"NAZARENO";3144508;"SBVG"
"1005";"NEPOMUCENO";3144607;"SBVG"
"1006";"NEPOMUCENO";3144607;"SBPC"
"1007";"NINHEIRA";3144656;"SBMK"
"1008";"NINHEIRA";3144656;"SBTC"
"1009";"NOVA BELÉM";3144672;"SBVT"
"1010";"NOVA BELÉM";3144672;"SBIP"
"1011";"NOVA ERA";3144706;"SBLS"
"1012";"NOVA ERA";3144706;"SBBH"
"1013";"NOVA LIMA";3144805;"SBLS"
"1014";"NOVA LIMA";3144805;"SBPR"
"1015";"NOVA MÓDICA";3144904;"SBVT"
"1016";"NOVA MÓDICA";3144904;"SBIP"
"1017";"NOVA PONTE";3145000;"SBUL"
"1018";"NOVA PONTE";3145000;"SBAX"
"1019";"NOVA PORTEIRINHA";3145059;"SBMK"
"1020";"NOVA PORTEIRINHA";3145059;"SBQV"
"1021";"NOVA RESENDE";3145109;"SBVG"
"1022";"NOVA RESENDE";3145109;"SBPC"
"1023";"NOVA SERRANA";3145208;"SBPR"
"1024";"NOVA SERRANA";3145208;"SBCF"
"1025";"NOVA UNIÃO";3136603;"SBLS"
"1026";"NOVA UNIÃO";3136603;"SBCF"
"1027";"NOVO CRUZEIRO";3145307;"SBMK"
"1028";"NOVO CRUZEIRO";3145307;"SBIP"
"1029";"NOVO ORIENTE DE MINAS";3145356;"SBPS"
"1030";"NOVORIZONTE";3145372;"SBMK"
"1031";"NOVORIZONTE";3145372;"SBQV"
"1032";"OLARIA";3145406;"SBBQ"
"1033";"OLARIA";3145406;"SBJF"
"1034";"OLHOS-D'ÁGUA";3145455;"SBMK"
"1035";"OLHOS-D'ÁGUA";3145455;"SBCF"
"1036";"OLÍMPIO NORONHA";3145505;"SBGW"
"1037";"OLÍMPIO NORONHA";3145505;"SBVG"
"1038";"OLIVEIRA";3145604;"SBBQ"
"1039";"OLIVEIRA";3145604;"SBPR"
"1040";"OLIVEIRA FORTES";3145703;"SBBQ"
"1041";"OLIVEIRA FORTES";3145703;"SBJF"
"1042";"ONÇA DE PITANGUI";3145802;"SBPR"
"1043";"ONÇA DE PITANGUI";3145802;"SBCF"
"1044";"ORATÓRIOS";3145851;"SBPR"
"1045";"ORATÓRIOS";3145851;"SBBH"
"1046";"ORIZÂNIA";3145877;"SBCP"
"1047";"ORIZÂNIA";3145877;"SBBQ"
"1048";"OURO BRANCO";3145901;"SBBQ"
"1049";"OURO BRANCO";3145901;"SBPR"
"1050";"OURO FINO";3146008;"SBKP"
"1051";"OURO FINO";3146008;"SBYS"
"1052";"OURO PRETO";3146107;"SBLS"
"1053";"OURO PRETO";3146107;"SBPR"
"1054";"OURO VERDE DE MINAS";3146206;"SBIP"
"1055";"PADRE CARVALHO";3146255;"SBMK"
"1056";"PADRE CARVALHO";3146255;"SBQV"
"1057";"PADRE PARAÍSO";3146305;"SBMK"
"1058";"PAI PEDRO";3146552;"SBMK"
"1059";"PAI PEDRO";3146552;"SBQV"
"1060";"PAINEIRAS";3146404;"SBLS"
"1061";"PAINEIRAS";3146404;"SBCF"
"1062";"PAINS";3146503;"SBVG"
"1063";"PAINS";3146503;"SBAX"
"1064";"PAIVA";3146602;"SBBQ"
"1065";"PAIVA";3146602;"SBJF"
"1066";"PALMA";3146701;"SBCP"
"1067";"PALMA";3146701;"SBME"
"1068";"PALMÓPOLIS";3146750;"SBPS"
"1069";"PALMÓPOLIS";3146750;"SBTC"
"1070";"PAPAGAIOS";3146909;"SBLS"
"1071";"PAPAGAIOS";3146909;"SBCF"
"1072";"PARÁ DE MINAS";3147105;"SBPR"
"1073";"PARÁ DE MINAS";3147105;"SBCF"
"1074";"PARACATU";3147006;"SBUL"
"1075";"PARACATU";3147006;"SBBR"
"1076";"PARAGUAÇU";3147204;"SBVG"
"1077";"PARAGUAÇU";3147204;"SBPC"
"1078";"PARAISÓPOLIS";3147303;"SBGW"
"1079";"PARAISÓPOLIS";3147303;"SBTA"
"1080";"PARAOPEBA";3147402;"SBLS"
"1081";"PARAOPEBA";3147402;"SBCF"
"1082";"PASSA QUATRO";3147600;"SBGW"
"1083";"PASSA QUATRO";3147600;"SBRS"
"1084";"PASSA TEMPO";3147709;"SBBQ"
"1085";"PASSA TEMPO";3147709;"SBPR"
"1086";"PASSA-VINTE";3147808;"SBSC"
"1087";"PASSA-VINTE";3147808;"SBJF"
"1088";"PASSABÉM";3147501;"SBLS"
"1089";"PASSABÉM";3147501;"SBCF"
"1090";"PASSOS";3147907;"SBPC"
"1091";"PASSOS";3147907;"SBFC"
"1092";"PATIS";3147956;"SBMK"
"1093";"PATIS";3147956;"SBQV"
"1094";"PATOS DE MINAS";3148004;"SBUL"
"1095";"PATOS DE MINAS";3148004;"SBAX"
"1096";"PATROCÍNIO";3148103;"SBUL"
"1097";"PATROCÍNIO";3148103;"SBAX"
"1098";"PATROCÍNIO DO MURIAÉ";3148202;"SBCP"
"1099";"PATROCÍNIO DO MURIAÉ";3148202;"SBME"
"1100";"PAULA CÂNDIDO";3148301;"SBBQ"
"1101";"PAULA CÂNDIDO";3148301;"SBPR"
"1102";"PAULISTAS";3148400;"SBLS"
"1103";"PAULISTAS";3148400;"SBIP"
"1104";"PAVÃO";3148509;"SBPS"
"1105";"PEÇANHA";3148608;"SBLS"
"1106";"PEÇANHA";3148608;"SBIP"
"1107";"PEDRA AZUL";3148707;"SBPS"
"1108";"PEDRA AZUL";3148707;"SBTC"
"1109";"PEDRA BONITA";3148756;"SBBQ"
"1110";"PEDRA BONITA";3148756;"SBIP"
"1111";"PEDRA DO ANTA";3148806;"SBBQ"
"1112";"PEDRA DO ANTA";3148806;"SBIP"
"1113";"PEDRA DO INDAIÁ";3148905;"SBPR"
"1114";"PEDRA DO INDAIÁ";3148905;"SBBH"
"1115";"PEDRA DOURADA";3149002;"SBCP"
"1116";"PEDRA DOURADA";3149002;"SBIP"
"1117";"PEDRALVA";3149101;"SBGW"
"1118";"PEDRALVA";3149101;"SBVG"
"1119";"PEDRAS DE MARIA DA CRUZ";3149150;"SBMK"
"1120";"PEDRAS DE MARIA DA CRUZ";3149150;"SBQV"
"1121";"PEDRINÓPOLIS";3149200;"SBUL"
"1122";"PEDRINÓPOLIS";3149200;"SBAX"
"1123";"PEDRO LEOPOLDO";3149309;"SBLS"
"1124";"PEDRO LEOPOLDO";3149309;"SBCF"
"1125";"PEDRO TEIXEIRA";3149408;"SBBQ"
"1126";"PEDRO TEIXEIRA";3149408;"SBJF"
"1127";"PEQUERI";3149507;"SBBQ"
"1128";"PEQUERI";3149507;"SBJF"
"1129";"PEQUI";3149606;"SBPR"
"1130";"PEQUI";3149606;"SBCF"
"1131";"PERDIGÃO";3149705;"SBPR"
"1132";"PERDIGÃO";3149705;"SBCF"
"1133";"PERDIZES";3149804;"SBUL"
"1134";"PERDIZES";3149804;"SBAX"
"1135";"PERDÕES";3149903;"SBBQ"
"1136";"PERDÕES";3149903;"SBVG"
"1137";"PERIQUITO";3149952;"SBLS"
"1138";"PERIQUITO";3149952;"SBIP"
"1139";"PESCADOR";3150000;"SBVT"
"1140";"PESCADOR";3150000;"SBIP"
"1141";"PIAU";3150109;"SBBQ"
"1142";"PIAU";3150109;"SBJF"
"1143";"PIEDADE DE CARATINGA";3150158;"SBLS"
"1144";"PIEDADE DE CARATINGA";3150158;"SBIP"
"1145";"PIEDADE DE PONTE NOVA";3150208;"SBPR"
"1146";"PIEDADE DE PONTE NOVA";3150208;"SBBH"
"1147";"PIEDADE DO RIO GRANDE";3150307;"SBBQ"
"1148";"PIEDADE DO RIO GRANDE";3150307;"SBJF"
"1149";"PIEDADE DOS GERAIS";3150406;"SBLS"
"1150";"PIEDADE DOS GERAIS";3150406;"SBPR"
"1151";"PIMENTA";3150505;"SBVG"
"1152";"PIMENTA";3150505;"SBAX"
"1153";"PINGO-D'ÁGUA";3150539;"SBLS"
"1154";"PINGO-D'ÁGUA";3150539;"SBIP"
"1155";"PINTÓPOLIS";3150570;"SBMK"
"1156";"PINTÓPOLIS";3150570;"SBBR"
"1157";"PIRACEMA";3150604;"SBBQ"
"1158";"PIRACEMA";3150604;"SBPR"
"1159";"PIRAJUBA";3150703;"SBUR"
"1160";"PIRANGA";3150802;"SBBQ"
"1161";"PIRANGA";3150802;"SBPR"
"1162";"PIRANGUÇU";3150901;"SBGW"
"1163";"PIRANGUÇU";3150901;"SBTA"
"1164";"PIRANGUINHO";3151008;"SBGW"
"1165";"PIRANGUINHO";3151008;"SBTA"
"1166";"PIRAPETINGA";3151107;"SBCP"
"1167";"PIRAPETINGA";3151107;"SBME"
"1168";"PIRAPORA";3151206;"SBLS"
"1169";"PIRAPORA";3151206;"SBMK"
"1170";"PIRAÚBA";3151305;"SBBQ"
"1171";"PIRAÚBA";3151305;"SBJF"
"1172";"PITANGUI";3151404;"SBPR"
"1173";"PITANGUI";3151404;"SBCF"
"1174";"PIUMHI";3151503;"SBVG"
"1175";"PIUMHI";3151503;"SBAX"
"1176";"PLANURA";3151602;"SBUR"
"1177";"POÇO FUNDO";3151701;"SBVG"
"1178";"POÇO FUNDO";3151701;"SBPC"
"1179";"POÇOS DE CALDAS";3151800;"SBVG"
"1180";"POÇOS DE CALDAS";3151800;"SBYS"
"1181";"POCRANE";3151909;"SBVT"
"1182";"POCRANE";3151909;"SBIP"
"1183";"POMPÉU";3152006;"SBLS"
"1184";"POMPÉU";3152006;"SBCF"
"1185";"PONTE NOVA";3152105;"SBPR"
"1186";"PONTE NOVA";3152105;"SBBH"
"1187";"PONTO CHIQUE";3152131;"SBMK"
"1188";"PONTO CHIQUE";3152131;"SBBR"
"1189";"PONTO DOS VOLANTES";3152170;"SBMK"
"1190";"PONTO DOS VOLANTES";3152170;"SBQV"
"1191";"PORTEIRINHA";3152204;"SBMK"
"1192";"PORTEIRINHA";3152204;"SBQV"
"1193";"PORTO FIRME";3152303;"SBBQ"
"1194";"PORTO FIRME";3152303;"SBPR"
"1195";"POTÉ";3152402;"SBMK"
"1196";"POTÉ";3152402;"SBIP"
"1197";"POUSO ALEGRE";3152501;"SBVG"
"1198";"POUSO ALEGRE";3152501;"SBPC"
"1199";"POUSO ALTO";3152600;"SBGW"
"1200";"POUSO ALTO";3152600;"SBVG"
"1201";"PRADOS";3152709;"SBBQ"
"1202";"PRADOS";3152709;"SBPR"
"1203";"PRATA";3152808;"SBUL"
"1204";"PRATÁPOLIS";3152907;"SBRP"
"1205";"PRATÁPOLIS";3152907;"SBFC"
"1206";"PRATINHA";3153004;"SBAX"
"1207";"PRATINHA";3153004;"SBFC"
"1208";"PRESIDENTE BERNARDES";3153103;"SBBQ"
"1209";"PRESIDENTE BERNARDES";3153103;"SBPR"
"1210";"PRESIDENTE JUSCELINO";3153202;"SBLS"
"1211";"PRESIDENTE JUSCELINO";3153202;"SBCF"
"1212";"PRESIDENTE KUBITSCHEK";3153301;"SBLS"
"1213";"PRESIDENTE KUBITSCHEK";3153301;"SBCF"
"1214";"PRESIDENTE OLEGÁRIO";3153400;"SBUL"
"1215";"PRESIDENTE OLEGÁRIO";3153400;"SBAX"
"1216";"PRUDENTE DE MORAIS";3153608;"SBLS"
"1217";"PRUDENTE DE MORAIS";3153608;"SBCF"
"1218";"QUARTEL GERAL";3153707;"SBCF"
"1219";"QUARTEL GERAL";3153707;"SBAX"
"1220";"QUELUZITO";3153806;"SBBQ"
"1221";"QUELUZITO";3153806;"SBPR"
"1222";"RAPOSOS";3153905;"SBLS"
"1223";"RAPOSOS";3153905;"SBPR"
"1224";"RAUL SOARES";3154002;"SBLS"
"1225";"RAUL SOARES";3154002;"SBIP"
"1226";"RECREIO";3154101;"SBCP"
"1227";"RECREIO";3154101;"SBME"
"1228";"REDUTO";3154150;"SBVT"
"1229";"REDUTO";3154150;"SBIP"
"1230";"RESENDE COSTA";3154200;"SBBQ"
"1231";"RESENDE COSTA";3154200;"SBPR"
"1232";"RESPLENDOR";3154309;"SBVT"
"1233";"RESPLENDOR";3154309;"SBIP"
"1234";"RESSAQUINHA";3154408;"SBBQ"
"1235";"RESSAQUINHA";3154408;"SBPR"
"1236";"RIACHINHO";3154457;"SBMK"
"1237";"RIACHINHO";3154457;"SBBR"
"1238";"RIACHO DOS MACHADOS";3154507;"SBMK"
"1239";"RIACHO DOS MACHADOS";3154507;"SBQV"
"1240";"RIBEIRÃO DAS NEVES";3154606;"SBPR"
"1241";"RIBEIRÃO DAS NEVES";3154606;"SBCF"
"1242";"RIBEIRÃO VERMELHO";3154705;"SBBQ"
"1243";"RIBEIRÃO VERMELHO";3154705;"SBVG"
"1244";"RIO ACIMA";3154804;"SBLS"
"1245";"RIO ACIMA";3154804;"SBPR"
"1246";"RIO CASCA";3154903;"SBLS"
"1247";"RIO CASCA";3154903;"SBBH"
"1248";"RIO DO PRADO";3155108;"SBPS"
"1249";"RIO DO PRADO";3155108;"SBQV"
"1250";"RIO DOCE";3155009;"SBLS"
"1251";"RIO DOCE";3155009;"SBBH"
"1252";"RIO ESPERA";3155207;"SBBQ"
"1253";"RIO ESPERA";3155207;"SBPR"
"1254";"RIO MANSO";3155306;"SBPR"
"1255";"RIO MANSO";3155306;"SBCF"
"1256";"RIO NOVO";3155405;"SBBQ"
"1257";"RIO NOVO";3155405;"SBJF"
"1258";"RIO PARANAÍBA";3155504;"SBAX"
"1259";"RIO PARANAÍBA";3155504;"SBUR"
"1260";"RIO PARDO DE MINAS";3155603;"SBMK"
"1261";"RIO PARDO DE MINAS";3155603;"SBQV"
"1262";"RIO PIRACICABA";3155702;"SBLS"
"1263";"RIO PIRACICABA";3155702;"SBPR"
"1264";"RIO POMBA";3155801;"SBBQ"
"1265";"RIO POMBA";3155801;"SBJF"
"1266";"RIO PRETO";3155900;"SBJF"
"1267";"RIO PRETO";3155900;"SBRS"
"1268";"RIO VERMELHO";3156007;"SBLS"
"1269";"RIO VERMELHO";3156007;"SBIP"
"1270";"RITÁPOLIS";3156106;"SBBQ"
"1271";"RITÁPOLIS";3156106;"SBPR"
"1272";"ROCHEDO DE MINAS";3156205;"SBBQ"
"1273";"ROCHEDO DE MINAS";3156205;"SBJF"
"1274";"RODEIRO";3156304;"SBBQ"
"1275";"RODEIRO";3156304;"SBJF"
"1276";"ROMARIA";3156403;"SBUL"
"1277";"ROMARIA";3156403;"SBAX"
"1278";"ROSÁRIO DA LIMEIRA";3156452;"SBCP"
"1279";"ROSÁRIO DA LIMEIRA";3156452;"SBBQ"
"1280";"RUBELITA";3156502;"SBMK"
"1281";"RUBELITA";3156502;"SBQV"
"1282";"RUBIM";3156601;"SBPS"
"1283";"RUBIM";3156601;"SBQV"
"1284";"SABARÁ";3156700;"SBLS"
"1285";"SABARÁ";3156700;"SBPR"
"1286";"SABINÓPOLIS";3156809;"SBLS"
"1287";"SABINÓPOLIS";3156809;"SBIP"
"1288";"SACRAMENTO";3156908;"SBAX"
"1289";"SACRAMENTO";3156908;"SBUR"
"1290";"SALINAS";3157005;"SBMK"
"1291";"SALINAS";3157005;"SBQV"
"1292";"SALTO DA DIVISA";3157104;"SBPS"
"1293";"SALTO DA DIVISA";3157104;"SBTC"
"1294";"SANTA BÁRBARA";3157203;"SBLS"
"1295";"SANTA BÁRBARA";3157203;"SBPR"
"1296";"SANTA BÁRBARA DO LESTE";3157252;"SBLS"
"1297";"SANTA BÁRBARA DO LESTE";3157252;"SBIP"
"1298";"SANTA BÁRBARA DO MONTE VERDE";3157278;"SBBQ"
"1299";"SANTA BÁRBARA DO MONTE VERDE";3157278;"SBJF"
"1300";"SANTA BÁRBARA DO TUGÚRIO";3157302;"SBBQ"
"1301";"SANTA BÁRBARA DO TUGÚRIO";3157302;"SBJF"
"1302";"SANTA CRUZ DE MINAS";3157336;"SBBQ"
"1303";"SANTA CRUZ DE MINAS";3157336;"SBPR"
"1304";"SANTA CRUZ DE SALINAS";3157377;"SBPS"
"1305";"SANTA CRUZ DE SALINAS";3157377;"SBMK"
"1306";"SANTA CRUZ DO ESCALVADO";3157401;"SBPR"
"1307";"SANTA CRUZ DO ESCALVADO";3157401;"SBBH"
"1308";"SANTA EFIGÊNIA DE MINAS";3157500;"SBLS"
"1309";"SANTA EFIGÊNIA DE MINAS";3157500;"SBIP"
"1310";"SANTA FÉ DE MINAS";3157609;"SBMK"
"1311";"SANTA FÉ DE MINAS";3157609;"SBBR"
"1312";"SANTA HELENA DE MINAS";3157658;"SBPS"
"1313";"SANTA HELENA DE MINAS";3157658;"SBQV"
"1314";"SANTA JULIANA";3157708;"SBUL"
"1315";"SANTA JULIANA";3157708;"SBAX"
"1316";"SANTA LUZIA";3157807;"SBLS"
"1317";"SANTA LUZIA";3157807;"SBPR"
"1318";"SANTA MARGARIDA";3157906;"SBCP"
"1319";"SANTA MARGARIDA";3157906;"SBIP"
"1320";"SANTA MARIA DE ITABIRA";3158003;"SBLS"
"1321";"SANTA MARIA DE ITABIRA";3158003;"SBCF"
"1322";"SANTA MARIA DO SALTO";3158102;"SBPS"
"1323";"SANTA MARIA DO SALTO";3158102;"SBTC"
"1324";"SANTA MARIA DO SUAÇUÍ";3158201;"SBLS"
"1325";"SANTA MARIA DO SUAÇUÍ";3158201;"SBIP"
"1326";"SANTA RITA DE CALDAS";3159209;"SBVG"
"1327";"SANTA RITA DE CALDAS";3159209;"SBYS"
"1328";"SANTA RITA DE IBITIPOCA";3159407;"SBBQ"
"1329";"SANTA RITA DE IBITIPOCA";3159407;"SBJF"
"1330";"SANTA RITA DE JACUTINGA";3159308;"SBJF"
"1331";"SANTA RITA DE JACUTINGA";3159308;"SBRS"
"1332";"SANTA RITA DE MINAS";3159357;"SBLS"
"1333";"SANTA RITA DE MINAS";3159357;"SBIP"
"1334";"SANTA RITA DO ITUETO";3159506;"SBVT"
"1335";"SANTA RITA DO ITUETO";3159506;"SBIP"
"1336";"SANTA RITA DO SAPUCAÍ";3159605;"SBGW"
"1337";"SANTA RITA DO SAPUCAÍ";3159605;"SBVG"
"1338";"SANTA ROSA DA SERRA";3159704;"SBAX"
"1339";"SANTA ROSA DA SERRA";3159704;"SBFC"
"1340";"SANTA VITÓRIA";3159803;"SBUL"
"1341";"SANTANA DA VARGEM";3158300;"SBVG"
"1342";"SANTANA DA VARGEM";3158300;"SBPC"
"1343";"SANTANA DE CATAGUASES";3158409;"SBCP"
"1344";"SANTANA DE CATAGUASES";3158409;"SBBQ"
"1345";"SANTANA DE PIRAPAMA";3158508;"SBLS"
"1346";"SANTANA DE PIRAPAMA";3158508;"SBCF"
"1347";"SANTANA DO DESERTO";3158607;"SBGL"
"1348";"SANTANA DO DESERTO";3158607;"SBJF"
"1349";"SANTANA DO GARAMBÉU";3158706;"SBBQ"
"1350";"SANTANA DO GARAMBÉU";3158706;"SBJF"
"1351";"SANTANA DO JACARÉ";3158805;"SBBQ"
"1352";"SANTANA DO JACARÉ";3158805;"SBVG"
"1353";"SANTANA DO MANHUAÇU";3158904;"SBVT"
"1354";"SANTANA DO MANHUAÇU";3158904;"SBIP"
"1355";"SANTANA DO PARAÍSO";3158953;"SBLS"
"1356";"SANTANA DO PARAÍSO";3158953;"SBIP"
"1357";"SANTANA DO RIACHO";3159001;"SBLS"
"1358";"SANTANA DO RIACHO";3159001;"SBCF"
"1359";"SANTANA DOS MONTES";3159100;"SBBQ"
"1360";"SANTANA DOS MONTES";3159100;"SBPR"
"1361";"SANTO ANTÔNIO DO AMPARO";3159902;"SBBQ"
"1362";"SANTO ANTÔNIO DO AMPARO";3159902;"SBVG"
"1363";"SANTO ANTÔNIO DO AVENTUREIRO";3160009;"SBBQ"
"1364";"SANTO ANTÔNIO DO AVENTUREIRO";3160009;"SBJF"
"1365";"SANTO ANTÔNIO DO GRAMA";3160108;"SBPR"
"1366";"SANTO ANTÔNIO DO GRAMA";3160108;"SBBH"
"1367";"SANTO ANTÔNIO DO ITAMBÉ";3160207;"SBLS"
"1368";"SANTO ANTÔNIO DO ITAMBÉ";3160207;"SBIP"
"1369";"SANTO ANTÔNIO DO JACINTO";3160306;"SBPS"
"1370";"SANTO ANTÔNIO DO JACINTO";3160306;"SBTC"
"1371";"SANTO ANTÔNIO DO MONTE";3160405;"SBPR"
"1372";"SANTO ANTÔNIO DO MONTE";3160405;"SBBH"
"1373";"SANTO ANTÔNIO DO RETIRO";3160454;"SBMK"
"1374";"SANTO ANTÔNIO DO RETIRO";3160454;"SBQV"
"1375";"SANTO ANTÔNIO DO RIO ABAIXO";3160504;"SBLS"
"1376";"SANTO ANTÔNIO DO RIO ABAIXO";3160504;"SBCF"
"1377";"SANTO HIPÓLITO";3160603;"SBLS"
"1378";"SANTO HIPÓLITO";3160603;"SBCF"
"1379";"SANTOS DUMONT";3160702;"SBBQ"
"1380";"SANTOS DUMONT";3160702;"SBJF"
"1381";"SÃO BENTO ABADE";3160801;"SBGW"
"1382";"SÃO BENTO ABADE";3160801;"SBVG"
"1383";"SÃO BRÁS DO SUAÇUÍ";3160900;"SBBQ"
"1384";"SÃO BRÁS DO SUAÇUÍ";3160900;"SBPR"
"1385";"SÃO DOMINGOS DAS DORES";3160959;"SBLS"
"1386";"SÃO DOMINGOS DAS DORES";3160959;"SBIP"
"1387";"SÃO DOMINGOS DO PRATA";3161007;"SBLS"
"1388";"SÃO DOMINGOS DO PRATA";3161007;"SBBH"
"1389";"SÃO FÉLIX DE MINAS";3161056;"SBVT"
"1390";"SÃO FÉLIX DE MINAS";3161056;"SBIP"
"1391";"SÃO FRANCISCO";3161106;"SBMK"
"1392";"SÃO FRANCISCO";3161106;"SBBR"
"1393";"SÃO FRANCISCO DE PAULA";3161205;"SBPR"
"1394";"SÃO FRANCISCO DE PAULA";3161205;"SBVG"
"1395";"SÃO FRANCISCO DE SALES";3161304;"SBSR"
"1396";"SÃO FRANCISCO DO GLÓRIA";3161403;"SBCP"
"1397";"SÃO FRANCISCO DO GLÓRIA";3161403;"SBIP"
"1398";"SÃO GERALDO";3161502;"SBBQ"
"1399";"SÃO GERALDO";3161502;"SBIP"
"1400";"SÃO GERALDO DA PIEDADE";3161601;"SBLS"
"1401";"SÃO GERALDO DA PIEDADE";3161601;"SBIP"
"1402";"SÃO GERALDO DO BAIXIO";3161650;"SBVT"
"1403";"SÃO GERALDO DO BAIXIO";3161650;"SBIP"
"1404";"SÃO GONÇALO DO ABAETÉ";3161700;"SBLS"
"1405";"SÃO GONÇALO DO ABAETÉ";3161700;"SBCF"
"1406";"SÃO GONÇALO DO PARÁ";3161809;"SBPR"
"1407";"SÃO GONÇALO DO PARÁ";3161809;"SBCF"
"1408";"SÃO GONÇALO DO RIO ABAIXO";3161908;"SBLS"
"1409";"SÃO GONÇALO DO RIO ABAIXO";3161908;"SBPR"
"1410";"SÃO GONÇALO DO RIO PRETO";3125507;"SBMK"
"1411";"SÃO GONÇALO DO RIO PRETO";3125507;"SBIP"
"1412";"SÃO GONÇALO DO SAPUCAÍ";3162005;"SBGW"
"1413";"SÃO GONÇALO DO SAPUCAÍ";3162005;"SBVG"
"1414";"SÃO GOTARDO";3162104;"SBAX"
"1415";"SÃO GOTARDO";3162104;"SBFC"
"1416";"SÃO JOÃO BATISTA DO GLÓRIA";3162203;"SBAX"
"1417";"SÃO JOÃO BATISTA DO GLÓRIA";3162203;"SBFC"
"1418";"SÃO JOÃO DA LAGOA";3162252;"SBLS"
"1419";"SÃO JOÃO DA LAGOA";3162252;"SBMK"
"1420";"SÃO JOÃO DA MATA";3162302;"SBGW"
"1421";"SÃO JOÃO DA MATA";3162302;"SBVG"
"1422";"SÃO JOÃO DA PONTE";3162401;"SBMK"
"1423";"SÃO JOÃO DA PONTE";3162401;"SBQV"
"1424";"SÃO JOÃO DAS MISSÕES";3162450;"SBMK"
"1425";"SÃO JOÃO DAS MISSÕES";3162450;"SBQV"
"1426";"SÃO JOÃO DEL REI";3162500;"SBBQ"
"1427";"SÃO JOÃO DEL REI";3162500;"SBVG"
"1428";"SÃO JOÃO DO MANHUAÇU";3162559;"SBCP"
"1429";"SÃO JOÃO DO MANHUAÇU";3162559;"SBIP"
"1430";"SÃO JOÃO DO MANTENINHA";3162575;"SBVT"
"1431";"SÃO JOÃO DO MANTENINHA";3162575;"SBIP"
"1432";"SÃO JOÃO DO ORIENTE";3162609;"SBLS"
"1433";"SÃO JOÃO DO ORIENTE";3162609;"SBIP"
"1434";"SÃO JOÃO DO PACUÍ";3162658;"SBLS"
"1435";"SÃO JOÃO DO PACUÍ";3162658;"SBMK"
"1436";"SÃO JOÃO DO PARAÍSO";3162708;"SBMK"
"1437";"SÃO JOÃO DO PARAÍSO";3162708;"SBQV"
"1438";"SÃO JOÃO EVANGELISTA";3162807;"SBLS"
"1439";"SÃO JOÃO EVANGELISTA";3162807;"SBIP"
"1440";"SÃO JOÃO NEPOMUCENO";3162906;"SBBQ"
"1441";"SÃO JOÃO NEPOMUCENO";3162906;"SBJF"
"1442";"SÃO JOAQUIM DE BICAS";3162922;"SBPR"
"1443";"SÃO JOAQUIM DE BICAS";3162922;"SBCF"
"1444";"SÃO JOSÉ DA BARRA";3162948;"SBVG"
"1445";"SÃO JOSÉ DA BARRA";3162948;"SBFC"
"1446";"SÃO JOSÉ DA LAPA";3162955;"SBLS"
"1447";"SÃO JOSÉ DA LAPA";3162955;"SBCF"
"1448";"SÃO JOSÉ DA SAFIRA";3163003;"SBLS"
"1449";"SÃO JOSÉ DA SAFIRA";3163003;"SBIP"
"1450";"SÃO JOSÉ DA VARGINHA";3163102;"SBPR"
"1451";"SÃO JOSÉ DA VARGINHA";3163102;"SBCF"
"1452";"SÃO JOSÉ DO ALEGRE";3163201;"SBGW"
"1453";"SÃO JOSÉ DO ALEGRE";3163201;"SBTA"
"1454";"SÃO JOSÉ DO DIVINO";3163300;"SBVT"
"1455";"SÃO JOSÉ DO DIVINO";3163300;"SBIP"
"1456";"SÃO JOSÉ DO GOIABAL";3163409;"SBLS"
"1457";"SÃO JOSÉ DO GOIABAL";3163409;"SBBH"
"1458";"SÃO JOSÉ DO JACURI";3163508;"SBLS"
"1459";"SÃO JOSÉ DO JACURI";3163508;"SBIP"
"1460";"SÃO JOSÉ DO MANTIMENTO";3163607;"SBVT"
"1461";"SÃO JOSÉ DO MANTIMENTO";3163607;"SBIP"
"1462";"SÃO LOURENÇO";3163706;"SBGW"
"1463";"SÃO LOURENÇO";3163706;"SBVG"
"1464";"SÃO MIGUEL DO ANTA";3163805;"SBBQ"
"1465";"SÃO MIGUEL DO ANTA";3163805;"SBIP"
"1466";"SÃO PEDRO DA UNIÃO";3163904;"SBPC"
"1467";"SÃO PEDRO DA UNIÃO";3163904;"SBFC"
"1468";"SÃO PEDRO DO SUAÇUÍ";3164100;"SBLS"
"1469";"SÃO PEDRO DO SUAÇUÍ";3164100;"SBIP"
"1470";"SÃO PEDRO DOS FERROS";3164001;"SBLS"
"1471";"SÃO PEDRO DOS FERROS";3164001;"SBIP"
"1472";"SÃO ROMÃO";3164209;"SBMK"
"1473";"SÃO ROMÃO";3164209;"SBBR"
"1474";"SÃO ROQUE DE MINAS";3164308;"SBAX"
"1475";"SÃO ROQUE DE MINAS";3164308;"SBFC"
"1476";"SÃO SEBASTIÃO DA BELA VISTA";3164407;"SBGW"
"1477";"SÃO SEBASTIÃO DA BELA VISTA";3164407;"SBVG"
"1478";"SÃO SEBASTIÃO DA VARGEM ALEGRE";3164431;"SBCP"
"1479";"SÃO SEBASTIÃO DA VARGEM ALEGRE";3164431;"SBBQ"
"1480";"SÃO SEBASTIÃO DO ANTA";3164472;"SBVT"
"1481";"SÃO SEBASTIÃO DO ANTA";3164472;"SBIP"
"1482";"SÃO SEBASTIÃO DO MARANHÃO";3164506;"SBMK"
"1483";"SÃO SEBASTIÃO DO MARANHÃO";3164506;"SBIP"
"1484";"SÃO SEBASTIÃO DO OESTE";3164605;"SBPR"
"1485";"SÃO SEBASTIÃO DO OESTE";3164605;"SBCF"
"1486";"SÃO SEBASTIÃO DO PARAÍSO";3164704;"SBRP"
"1487";"SÃO SEBASTIÃO DO PARAÍSO";3164704;"SBFC"
"1488";"SÃO SEBASTIÃO DO RIO PRETO";3164803;"SBLS"
"1489";"SÃO SEBASTIÃO DO RIO PRETO";3164803;"SBCF"
"1490";"SÃO SEBASTIÃO DO RIO VERDE";3164902;"SBGW"
"1491";"SÃO SEBASTIÃO DO RIO VERDE";3164902;"SBVG"
"1492";"SÃO THOMÉ DAS LETRAS";3165206;"SBGW"
"1493";"SÃO THOMÉ DAS LETRAS";3165206;"SBVG"
"1494";"SÃO TIAGO";3165008;"SBBQ"
"1495";"SÃO TIAGO";3165008;"SBPR"
"1496";"SÃO TOMÁS DE AQUINO";3165107;"SBRP"
"1497";"SÃO TOMÁS DE AQUINO";3165107;"SBFC"
"1498";"SÃO VICENTE DE MINAS";3165305;"SBBQ"
"1499";"SÃO VICENTE DE MINAS";3165305;"SBVG"
"1500";"SAPUCAÍ-MIRIM";3165404;"SBSJ"
"1501";"SAPUCAÍ-MIRIM";3165404;"SBTA"
"1502";"SARDOÁ";3165503;"SBLS"
"1503";"SARDOÁ";3165503;"SBIP"
"1504";"SARZEDO";3165537;"SBLS"
"1505";"SARZEDO";3165537;"SBPR"
"1506";"SEM-PEIXE";3165560;"SBLS"
"1507";"SEM-PEIXE";3165560;"SBBH"
"1508";"SENADOR AMARAL";3165578;"SBSJ"
"1509";"SENADOR AMARAL";3165578;"SBPC"
"1510";"SENADOR CORTES";3165602;"SBBQ"
"1511";"SENADOR CORTES";3165602;"SBJF"
"1512";"SENADOR FIRMINO";3165701;"SBBQ"
"1513";"SENADOR FIRMINO";3165701;"SBPR"
"1514";"SENADOR JOSÉ BENTO";3165800;"SBVG"
"1515";"SENADOR JOSÉ BENTO";3165800;"SBPC"
"1516";"SENADOR MODESTINO GONÇALVES";3165909;"SBMK"
"1517";"SENADOR MODESTINO GONÇALVES";3165909;"SBIP"
"1518";"SENHORA DE OLIVEIRA";3166006;"SBBQ"
"1519";"SENHORA DE OLIVEIRA";3166006;"SBPR"
"1520";"SENHORA DO PORTO";3166105;"SBLS"
"1521";"SENHORA DO PORTO";3166105;"SBIP"
"1522";"SENHORA DOS REMÉDIOS";3166204;"SBBQ"
"1523";"SENHORA DOS REMÉDIOS";3166204;"SBPR"
"1524";"SERICITA";3166303;"SBBQ"
"1525";"SERICITA";3166303;"SBIP"
"1526";"SERITINGA";3166402;"SBBQ"
"1527";"SERITINGA";3166402;"SBVG"
"1528";"SERRA AZUL DE MINAS";3166501;"SBLS"
"1529";"SERRA AZUL DE MINAS";3166501;"SBIP"
"1530";"SERRA DA SAUDADE";3166600;"SBCF"
"1531";"SERRA DA SAUDADE";3166600;"SBAX"
"1532";"SERRA DO SALITRE";3166808;"SBUL"
"1533";"SERRA DO SALITRE";3166808;"SBAX"
"1534";"SERRA DOS AIMORÉS";3166709;"SBPS"
"1535";"SERRANIA";3166907;"SBVG"
"1536";"SERRANIA";3166907;"SBPC"
"1537";"SERRANÓPOLIS DE MINAS";3166956;"SBMK"
"1538";"SERRANÓPOLIS DE MINAS";3166956;"SBQV"
"1539";"SERRANOS";3167004;"SBBQ"
"1540";"SERRANOS";3167004;"SBVG"
"1541";"SERRO";3167103;"SBLS"
"1542";"SERRO";3167103;"SBCF"
"1543";"SETE LAGOAS";3167202;"SBLS"
"1544";"SETE LAGOAS";3167202;"SBCF"
"1545";"SETUBINHA";3165552;"SBMK"
"1546";"SETUBINHA";3165552;"SBIP"
"1547";"SILVEIRÂNIA";3167301;"SBBQ"
"1548";"SILVEIRÂNIA";3167301;"SBJF"
"1549";"SILVIANÓPOLIS";3167400;"SBGW"
"1550";"SILVIANÓPOLIS";3167400;"SBVG"
"1551";"SIMÃO PEREIRA";3167509;"SBBQ"
"1552";"SIMÃO PEREIRA";3167509;"SBJF"
"1553";"SIMONÉSIA";3167608;"SBVT"
"1554";"SIMONÉSIA";3167608;"SBIP"
"1555";"SOBRÁLIA";3167707;"SBLS"
"1556";"SOBRÁLIA";3167707;"SBIP"
"1557";"SOLEDADE DE MINAS";3167806;"SBGW"
"1558";"SOLEDADE DE MINAS";3167806;"SBVG"
"1559";"TABULEIRO";3167905;"SBBQ"
"1560";"TABULEIRO";3167905;"SBJF"
"1561";"TAIOBEIRAS";3168002;"SBMK"
"1562";"TAIOBEIRAS";3168002;"SBQV"
"1563";"TAPARUBA";3168051;"SBVT"
"1564";"TAPARUBA";3168051;"SBIP"
"1565";"TAPIRA";3168101;"SBAX"
"1566";"TAPIRA";3168101;"SBFC"
"1567";"TAPIRAÍ";3168200;"SBAX"
"1568";"TAPIRAÍ";3168200;"SBFC"
"1569";"TAQUARAÇU DE MINAS";3168309;"SBLS"
"1570";"TAQUARAÇU DE MINAS";3168309;"SBCF"
"1571";"TARUMIRIM";3168408;"SBVT"
"1572";"TARUMIRIM";3168408;"SBIP"
"1573";"TEIXEIRAS";3168507;"SBBQ"
"1574";"TEIXEIRAS";3168507;"SBIP"
"1575";"TEÓFILO OTONI";3168606;"SBIP"
"1576";"TIMÓTEO";3168705;"SBLS"
"1577";"TIMÓTEO";3168705;"SBIP"
"1578";"TIRADENTES";3168804;"SBBQ"
"1579";"TIRADENTES";3168804;"SBVG"
"1580";"TIROS";3168903;"SBCF"
"1581";"TIROS";3168903;"SBAX"
"1582";"TOCANTINS";3169000;"SBBQ"
"1583";"TOCANTINS";3169000;"SBJF"
"1584";"TOCOS DO MOJI";3169059;"SBSJ"
"1585";"TOCOS DO MOJI";3169059;"SBPC"
"1586";"TOLEDO";3169109;"SBGR"
"1587";"TOLEDO";3169109;"SBSJ"
"1588";"TOMBOS";3169208;"SBCP"
"1589";"TOMBOS";3169208;"SBIP"
"1590";"TRÊS CORAÇÕES";3169307;"SBGW"
"1591";"TRÊS CORAÇÕES";3169307;"SBVG"
"1592";"TRÊS MARIAS";3169356;"SBLS"
"1593";"TRÊS MARIAS";3169356;"SBCF"
"1594";"TRÊS PONTAS";3169406;"SBVG"
"1595";"TRÊS PONTAS";3169406;"SBPC"
"1596";"TUMIRITINGA";3169505;"SBVT"
"1597";"TUMIRITINGA";3169505;"SBIP"
"1598";"TUPACIGUARA";3169604;"SBUL"
"1599";"TUPACIGUARA";3169604;"SBUR"
"1600";"TURMALINA";3169703;"SBMK"
"1601";"TURMALINA";3169703;"SBIP"
"1602";"TURVOLÂNDIA";3169802;"SBGW"
"1603";"TURVOLÂNDIA";3169802;"SBVG"
"1604";"UBÁ";3169901;"SBBQ"
"1605";"UBÁ";3169901;"SBJF"
"1606";"UBAÍ";3170008;"SBMK"
"1607";"UBAÍ";3170008;"SBBR"
"1608";"UBAPORANGA";3170057;"SBLS"
"1609";"UBAPORANGA";3170057;"SBIP"
"1610";"UBERABA";3170107;"SBUL"
"1611";"UBERABA";3170107;"SBAX"
"1612";"UBERLÂNDIA";3170206;"SBUL"
"1613";"UBERLÂNDIA";3170206;"SBUR"
"1614";"UMBURATIBA";3170305;"SBPS"
"1615";"UNAÍ";3170404;"SBBR"
"1616";"UNAÍ";3170404;"SBAN"
"1617";"UNIÃO DE MINAS";3170438;"SBSR"
"1618";"URUANA DE MINAS";3170479;"SBMK"
"1619";"URUANA DE MINAS";3170479;"SBBR"
"1620";"URUCÂNIA";3170503;"SBPR"
"1621";"URUCÂNIA";3170503;"SBBH"
"1622";"URUCUIA";3170529;"SBMK"
"1623";"URUCUIA";3170529;"SBBR"
"1624";"VARGEM ALEGRE";3170578;"SBLS"
"1625";"VARGEM ALEGRE";3170578;"SBIP"
"1626";"VARGEM BONITA";3170602;"SBAX"
"1627";"VARGEM BONITA";3170602;"SBFC"
"1628";"VARGEM GRANDE DO RIO PARDO";3170651;"SBMK"
"1629";"VARGEM GRANDE DO RIO PARDO";3170651;"SBQV"
"1630";"VARGINHA";3170701;"SBVG"
"1631";"VARGINHA";3170701;"SBPC"
"1632";"VARJÃO DE MINAS";3170750;"SBCF"
"1633";"VARJÃO DE MINAS";3170750;"SBUL"
"1634";"VÁRZEA DA PALMA";3170800;"SBLS"
"1635";"VÁRZEA DA PALMA";3170800;"SBMK"
"1636";"VARZELÂNDIA";3170909;"SBMK"
"1637";"VARZELÂNDIA";3170909;"SBQV"
"1638";"VAZANTE";3171006;"SBUL"
"1639";"VAZANTE";3171006;"SBAX"
"1640";"VERDELÂNDIA";3171030;"SBMK"
"1641";"VERDELÂNDIA";3171030;"SBQV"
"1642";"VEREDINHA";3171071;"SBMK"
"1643";"VEREDINHA";3171071;"SBIP"
"1644";"VERÍSSIMO";3171105;"SBUL"
"1645";"VERÍSSIMO";3171105;"SBUR"
"1646";"VERMELHO NOVO";3171154;"SBLS"
"1647";"VERMELHO NOVO";3171154;"SBIP"
"1648";"VESPASIANO";3171204;"SBLS"
"1649";"VESPASIANO";3171204;"SBCF"
"1650";"VIÇOSA";3171303;"SBBQ"
"1651";"VIÇOSA";3171303;"SBPR"
"1652";"VIEIRAS";3171402;"SBCP"
"1653";"VIEIRAS";3171402;"SBBQ"
"1654";"VIRGEM DA LAPA";3171600;"SBMK"
"1655";"VIRGEM DA LAPA";3171600;"SBQV"
"1656";"VIRGÍNIA";3171709;"SBGW"
"1657";"VIRGÍNIA";3171709;"SBRS"
"1658";"VIRGINÓPOLIS";3171808;"SBLS"
"1659";"VIRGINÓPOLIS";3171808;"SBIP"
"1660";"VIRGOLÂNDIA";3171907;"SBLS"
"1661";"VIRGOLÂNDIA";3171907;"SBIP"
"1662";"VISCONDE DO RIO BRANCO";3172004;"SBBQ"
"1663";"VISCONDE DO RIO BRANCO";3172004;"SBJF"
"1664";"VOLTA GRANDE";3172103;"SBME"
"1665";"VOLTA GRANDE";3172103;"SBJF"
"1666";"WENCESLAU BRAZ";3172202;"SBGW"
"1667";"WENCESLAU BRAZ";3172202;"SBTA"
